id,link,name,brand,rel_year,rel_decade,notes,occasion,occasion_numbers,scent,longevity,sillage,bottle,value_for_money,season,season_numbers,style,style_numbers,type,type_numbers
422,https://www.parfumo.com/Perfumes/Louis_Vuitton/imagination,Imagination  ,Louis Vuitton,2021,2020,"['Chinese black tea CO2', 'Calabrian bergamot', 'Ambrox', 'Ceylonese cinnamon', 'Nigerian ginger', 'Sicilian cedar', 'Tunisian neroli']","['Daily', 'Sport', 'Leisure', 'Night Out', 'Business', 'Evening']","[24, 13, 23, 12, 18, 10]",8.9,7.8,7.6,8.7,6.3,"['Winter', 'Fall', 'Summer', 'Spring']","[5, 14, 43, 38]","['Masculine', 'Feminine', 'Classic', 'Modern']","[43, 13, 14, 30]","['Citrus', 'Spicy', 'Sweet', 'Green', 'Fruity', 'Fresh', 'Aquatic']","[27, 7, 5, 9, 5, 29, 17]"
423,https://www.parfumo.com/Perfumes/Jean_Paul_Gaultier/le-male-le-parfum,Le Mâle Le Parfum  ,Jean Paul Gaultier,2020,2020,"['Cardamom', 'Iris', 'Lavender', 'Vanilla', 'Oriental woods']","['Daily', 'Leisure', 'Night Out', 'Business', 'Evening']","[13, 18, 30, 9, 30]",8.4,8.1,7.7,8.3,8.2,"['Winter', 'Fall', 'Summer', 'Spring']","[37, 37, 6, 20]","['Masculine', 'Classic', 'Modern']","[51, 16, 33]","['Spicy', 'Sweet', 'Powdery', 'Oriental', 'Woody', 'Gourmand', 'Creamy']","[21, 26, 13, 13, 11, 7, 8]"
424,https://www.parfumo.com/Perfumes/Kilian/angels-share,Angels' Share  ,Kilian,2020,2020,"['Cognac', 'Cinnamon', 'Tonka bean absolute', 'Oak wood absolute', 'Praliné', 'Vanilla', 'Sandalwood']","['Daily', 'Leisure', 'Night Out', 'Business', 'Evening']","[6, 16, 36, 5, 37]",8.7,8.4,8.2,9.1,7.0,"['Winter', 'Fall', 'Spring']","[49, 42, 9]","['Masculine', 'Feminine', 'Classic', 'Modern']","[35, 30, 17, 17]","['Spicy', 'Sweet', 'Oriental', 'Woody', 'Gourmand', 'Creamy']","[20, 27, 9, 12, 26, 6]"
425,https://www.parfumo.com/Perfumes/Xerjoff/torino21,Torino21  ,XerJoff,2021,2020,"['Mint', 'Lemon', 'Basil', 'Thyme', 'Blackcurrant', 'Jasmine', 'Lavender', 'Rosemary', 'Musk', 'Vervain']","['Daily', 'Sport', 'Leisure', 'Night Out', 'Business', 'Evening']","[26, 16, 26, 9, 17, 7]",8.6,7.7,7.5,9.1,7.0,"['Fall', 'Summer', 'Spring']","[7, 52, 41]","['Masculine', 'Feminine', 'Classic', 'Modern']","[40, 17, 13, 29]","['Citrus', 'Spicy', 'Green', 'Fruity', 'Fresh', 'Floral', 'Aquatic']","[27, 7, 20, 5, 28, 5, 9]"
426,https://www.parfumo.com/Perfumes/Dior/sauvage-elixir,Sauvage Elixir  ,Dior,2021,2020,"['Nutmeg', 'Cardamom', 'Cinnamon', 'Grapefruit', 'Provençal lavender', 'Liquorice', 'Amber notes', 'Woods', 'Haitian vetiver', 'Patchouli']","['Daily', 'Leisure', 'Night Out', 'Business', 'Evening']","[13, 17, 28, 13, 29]",8.1,9.1,8.8,8.1,7.1,"['Winter', 'Fall', 'Summer', 'Spring']","[33, 35, 9, 22]","['Masculine', 'Classic', 'Modern']","[52, 27, 21]","['Spicy', 'Synthetic', 'Sweet', 'Oriental', 'Woody', 'Fresh', 'Fougère']","[28, 10, 16, 6, 22, 13, 6]"
427,https://www.parfumo.com/Perfumes/Parfums_de_Marly/althair,Althaïr  ,Parfums de Marly,2023,2020,"['Cinnamon', 'Orange blossom', 'Bergamot', 'Bourbon vanilla', 'Elemi resin', 'Praliné', 'Ambrox', 'Gaiac wood', 'Musk']","['Daily', 'Leisure', 'Night Out', 'Business', 'Evening']","[13, 18, 30, 8, 32]",8.3,8.4,8.1,8.0,6.9,"['Winter', 'Fall', 'Spring']","[44, 43, 13]","['Masculine', 'Feminine', 'Classic', 'Modern']","[40, 18, 15, 27]","['Spicy', 'Sweet', 'Powdery', 'Oriental', 'Woody', 'Gourmand', 'Creamy']","[14, 26, 5, 5, 8, 23, 18]"
428,https://www.parfumo.com/Perfumes/Xerjoff/tony-iommi-monkey-special,Tony Iommi Monkey Special  ,XerJoff,2021,2020,"['Passion fruit', 'Rum', 'Bulgarian geranium', 'Calabrian bergamot', 'Leather', 'Singapore patchouli', 'Bulgarian rose', 'Cinnamon', 'Caramel', 'Ambergris', 'Australian sandalwood', 'Labdanum', 'Musk', 'Tonka bean', 'Vanilla']","['Daily', 'Leisure', 'Night Out', 'Business', 'Evening']","[5, 18, 36, 4, 37]",8.5,9.0,8.7,9.2,7.0,"['Winter', 'Fall', 'Summer', 'Spring']","[38, 39, 6, 17]","['Masculine', 'Feminine', 'Classic', 'Modern']","[48, 9, 23, 19]","['Spicy', 'Sweet', 'Smoky', 'Oriental', 'Leathery', 'Woody', 'Gourmand', 'Fruity']","[19, 19, 8, 7, 18, 11, 7, 12]"
429,https://www.parfumo.com/Perfumes/Lattafa/khamrah,Khamrah  ,Lattafa / لطافة,2022,2020,"['Cinnamon', 'Nutmeg', 'Bergamot', 'Date', 'Praliné', 'Mahonial®', 'Tuberose', 'Roasted tonka bean', 'Vanilla', 'Amberwood', 'Benzoin Siam', 'Akigalawood®', 'Myrrh']","['Daily', 'Leisure', 'Night Out', 'Business', 'Evening']","[9, 18, 33, 5, 35]",8.1,8.5,8.2,8.2,9.3,"['Winter', 'Fall', 'Spring']","[49, 42, 9]","['Masculine', 'Feminine', 'Classic', 'Modern']","[35, 29, 15, 22]","['Spicy', 'Sweet', 'Oriental', 'Woody', 'Gourmand', 'Creamy']","[16, 26, 17, 6, 24, 10]"
430,https://www.parfumo.com/Perfumes/Zara/sunrise-on-the-red-sand-dunes-eau-de-parfum,Sunrise on the Red Sand Dunes ,Zara,2023,2020,"['Bergamot', 'Mandarin orange', 'Amber', 'Blackcurrant', 'Ginger', 'Orange blossom', 'Tonka bean']","['Daily', 'Sport', 'Leisure', 'Night Out', 'Business', 'Evening']","[26, 17, 25, 8, 18, 7]",8.1,6.5,6.5,6.7,9.2,"['Fall', 'Summer', 'Spring']","[12, 47, 41]","['Masculine', 'Feminine', 'Classic', 'Modern']","[40, 17, 11, 32]","['Citrus', 'Synthetic', 'Sweet', 'Fruity', 'Fresh', 'Aquatic']","[27, 9, 11, 19, 27, 6]"
431,https://www.parfumo.com/Perfumes/Jean_Paul_Gaultier/le-male-elixir,Le Mâle Elixir  ,Jean Paul Gaultier,2023,2020,"['Tonka bean', 'Benzoin', 'Lavender', 'Artemisia', 'Bergamot', 'Cinnamon', 'Labdanum', 'Patchouli', 'Spearmint']","['Daily', 'Leisure', 'Night Out', 'Business', 'Evening']","[9, 20, 33, 5, 33]",8.3,8.6,8.3,8.6,8.1,"['Winter', 'Fall', 'Spring']","[43, 40, 16]","['Masculine', 'Feminine', 'Classic', 'Modern']","[46, 8, 10, 35]","['Spicy', 'Synthetic', 'Sweet', 'Powdery', 'Oriental', 'Gourmand', 'Creamy']","[14, 6, 28, 8, 6, 22, 16]"
432,https://www.parfumo.com/Perfumes/marc-gebauer/orange-flamingo,Orange Flamingo  ,Marc Gebauer,2021,2020,"['Orange blossom', 'Orange', 'Bergamot', 'Lily of the valley', 'Jasmine', 'Rose', 'Cedarwood', 'Clove', 'Musk', 'Woody notes']","['Daily', 'Sport', 'Leisure', 'Night Out', 'Business', 'Evening']","[25, 11, 25, 11, 18, 9]",8.0,9.0,8.5,6.9,7.1,"['Winter', 'Fall', 'Summer', 'Spring']","[7, 15, 40, 38]","['Masculine', 'Feminine', 'Classic', 'Modern']","[35, 27, 14, 24]","['Citrus', 'Sweet', 'Fruity', 'Fresh', 'Creamy', 'Floral']","[16, 10, 19, 25, 6, 23]"
433,https://www.parfumo.com/Perfumes/Yves_Saint_Laurent/la-nuit-de-l-homme-bleu-electrique,La Nuit de L'Homme Bleu Électrique  ,Yves Saint Laurent,2021,2020,"['Cardamom', 'Ginger', 'Bergamot', 'French lavender', 'Geranium', 'Cedarwood', 'Vetiver']","['Daily', 'Leisure', 'Night Out', 'Business', 'Evening']","[18, 20, 24, 14, 25]",8.5,7.2,7.0,7.8,7.7,"['Winter', 'Fall', 'Summer', 'Spring']","[23, 31, 17, 29]","['Masculine', 'Feminine', 'Classic', 'Modern']","[47, 4, 16, 32]","['Spicy', 'Synthetic', 'Sweet', 'Oriental', 'Woody', 'Fresh', 'Floral']","[26, 7, 24, 5, 11, 21, 6]"
434,https://www.parfumo.com/Perfumes/Essential_Parfums/bois-imperial-eau-de-parfum-1,Bois Impérial ,Essential Parfums,2020,2020,"['Akigalawood®', 'Ambrofix', 'Georgywood®', 'Thai basil', 'Nepalese sichuan pepper', 'Grapefruit', 'Haitian vetiver', 'Petalia®', 'Indonesian patchouli']","['Daily', 'Sport', 'Leisure', 'Night Out', 'Business', 'Evening']","[25, 9, 23, 11, 21, 11]",8.1,8.6,8.2,7.3,8.8,"['Winter', 'Fall', 'Summer', 'Spring']","[15, 27, 27, 31]","['Masculine', 'Feminine', 'Classic', 'Modern']","[43, 12, 18, 27]","['Citrus', 'Spicy', 'Synthetic', 'Woody', 'Green', 'Fresh']","[7, 15, 20, 24, 10, 24]"
435,https://www.parfumo.com/Perfumes/Initio/musk-therapy-extrait-de-parfum,Musk Therapy ,Initio,2021,2020,"['White musk', 'Mandarin orange', 'Blackcurrant', 'Pink musk', 'Bergamot', 'Indian sandalwood', 'Magnolia']","['Daily', 'Sport', 'Leisure', 'Night Out', 'Business', 'Evening']","[25, 6, 25, 12, 20, 12]",8.2,8.0,7.3,8.5,6.5,"['Winter', 'Fall', 'Summer', 'Spring']","[14, 23, 29, 33]","['Masculine', 'Feminine', 'Classic', 'Modern']","[22, 41, 14, 23]","['Citrus', 'Sweet', 'Powdery', 'Fruity', 'Fresh', 'Creamy', 'Floral']","[8, 16, 9, 15, 17, 23, 12]"
436,https://www.parfumo.com/Perfumes/Missoni/missoni-wave,Missoni Wave  ,Missoni,2020,2020,"['Italian mandarin orange', 'Marine notes', 'Clary sage', 'Egyptian  pelargonium', 'Lavender', 'Rosemary', 'Vanilla orchid', 'Haitian vetiver', 'Oakmoss', 'Patchouli']","['Daily', 'Sport', 'Leisure', 'Night Out', 'Business', 'Evening']","[25, 20, 25, 6, 19, 5]",8.0,7.3,7.0,8.0,9.0,"['Fall', 'Summer', 'Spring']","[13, 47, 40]","['Masculine', 'Feminine', 'Classic', 'Modern']","[47, 5, 12, 35]","['Citrus', 'Synthetic', 'Sweet', 'Fresh', 'Creamy', 'Aquatic']","[21, 6, 9, 27, 12, 25]"
437,https://www.parfumo.com/Perfumes/Giorgio_Armani/acqua-di-gio-profondo-2020-eau-de-parfum,Acqua di Giò Profondo ,Giorgio Armani,2020,2020,"['Aquozone', 'Bergamot', 'Brazilian green mandarin orange', 'Mastic absolute', 'Cypress', 'Lavender', 'Rosemary', 'Mineral amber', 'Musk', 'Guatemala patchouly']","['Daily', 'Sport', 'Leisure', 'Night Out', 'Business', 'Evening']","[24, 16, 24, 8, 20, 7]",7.6,6.8,6.6,7.6,7.0,"['Winter', 'Fall', 'Summer', 'Spring']","[6, 14, 42, 38]","['Masculine', 'Classic', 'Modern']","[48, 20, 32]","['Citrus', 'Spicy', 'Synthetic', 'Woody', 'Green', 'Fresh', 'Aquatic']","[17, 8, 10, 6, 5, 26, 27]"
438,https://www.parfumo.com/Perfumes/Louis_Vuitton/pacific-chill,Pacific Chill  ,Louis Vuitton,2023,2020,"['Apricot', 'Orange', 'Peppermint', 'Ambrette seed', 'Basil', 'Blackcurrant', 'Citron', 'Date', 'Fig', 'Lemon', 'Carrot seed', 'Coriander seed', 'May rose']","['Daily', 'Sport', 'Leisure', 'Night Out', 'Business', 'Evening']","[25, 14, 26, 11, 15, 9]",8.3,6.8,6.8,9.0,5.8,"['Fall', 'Summer', 'Spring']","[6, 54, 39]","['Masculine', 'Feminine', 'Classic', 'Modern']","[34, 27, 8, 31]","['Citrus', 'Sweet', 'Green', 'Fruity', 'Fresh', 'Aquatic']","[20, 16, 11, 24, 23, 7]"
439,https://www.parfumo.com/Perfumes/Givenchy/gentleman-givenchy-reserve-privee,Gentleman Givenchy Réserve Privée  ,Givenchy,2022,2020,"['Scotch whisky absolute', 'Italian bergamot', 'Chestnut', 'Italian iris concrete', 'Benzoin Siam', 'Indonesian patchouli', 'Virginia cedar', 'Haitian vetiver']","['Daily', 'Leisure', 'Night Out', 'Business', 'Evening']","[10, 16, 30, 11, 33]",8.3,7.9,7.5,8.0,7.9,"['Winter', 'Fall', 'Spring']","[42, 43, 15]","['Masculine', 'Classic', 'Modern']","[51, 30, 19]","['Spicy', 'Sweet', 'Powdery', 'Woody', 'Gourmand', 'Creamy']","[20, 22, 19, 17, 10, 12]"
440,https://www.parfumo.com/Perfumes/Parfums_de_Marly/greenley,Greenley  ,Parfums de Marly,2020,2020,"['Green apple', 'Cashmere wood', 'Mandarin orange', 'Sicilian bergamot', 'Pomarose®', 'Cedarwood', 'Petitgrain', 'Violet', 'Amberwood', 'Musk', 'Oakmoss']","['Daily', 'Sport', 'Leisure', 'Night Out', 'Business', 'Evening']","[26, 16, 26, 7, 19, 6]",7.8,7.4,7.1,8.5,6.3,"['Fall', 'Summer', 'Spring']","[15, 43, 42]","['Masculine', 'Feminine', 'Classic', 'Modern']","[44, 10, 19, 28]","['Citrus', 'Spicy', 'Synthetic', 'Sweet', 'Woody', 'Green', 'Fruity', 'Fresh']","[15, 5, 6, 5, 11, 20, 15, 22]"
441,https://www.parfumo.com/Perfumes/Dior/dior-homme-2020-eau-de-toilette,Dior Homme ,Dior,2020,2020,"['Bergamot', 'Elemi resin', 'Pink pepper', 'Atlas cedar', 'Patchouli', 'Haitian vetiver', 'Musk']","['Daily', 'Sport', 'Leisure', 'Night Out', 'Business', 'Evening']","[24, 7, 22, 12, 22, 13]",7.7,7.2,6.8,8.2,7.3,"['Winter', 'Fall', 'Summer', 'Spring']","[17, 29, 23, 31]","['Masculine', 'Classic', 'Modern']","[49, 25, 27]","['Citrus', 'Spicy', 'Synthetic', 'Woody', 'Resinous', 'Fresh']","[15, 19, 8, 29, 5, 24]"
442,https://www.parfumo.com/Perfumes/Clive_Christian/xxi-art-deco-blonde-amber,XXI: Art Deco - Blonde Amber  ,Clive Christian,2022,2020,"['Amber', 'Dried fruits', 'Tonka bean', 'Blond tobacco', 'Tuberose', 'Bitter orange', 'Jasmine']","['Daily', 'Leisure', 'Night Out', 'Business', 'Evening']","[7, 13, 37, 6, 36]",9.0,8.4,8.1,8.9,5.2,"['Winter', 'Fall', 'Summer', 'Spring']","[36, 38, 7, 20]","['Masculine', 'Feminine', 'Classic', 'Modern']","[40, 19, 20, 21]","['Spicy', 'Sweet', 'Oriental', 'Woody', 'Resinous', 'Gourmand', 'Fruity', 'Creamy', 'Floral']","[18, 23, 11, 6, 6, 7, 7, 15, 7]"
443,https://www.parfumo.com/Perfumes/Giorgio_Armani/emporio-armani-stronger-with-you-absolutely,Emporio Armani - Stronger With You Absolutely  ,Giorgio Armani,2021,2020,"['Rum', 'Elemi resin', 'Bergamot', 'Davana', 'Lavender', 'Marron glacé', 'Bourbon vanilla', 'Cedarwood', 'Patchouli']","['Daily', 'Leisure', 'Night Out', 'Business', 'Evening']","[9, 16, 33, 6, 36]",8.3,8.4,8.2,7.7,8.0,"['Winter', 'Fall', 'Spring']","[47, 43, 10]","['Masculine', 'Feminine', 'Classic', 'Modern']","[48, 6, 17, 29]","['Spicy', 'Sweet', 'Oriental', 'Woody', 'Resinous', 'Gourmand']","[19, 28, 11, 13, 6, 23]"
444,https://www.parfumo.com/Perfumes/Versace/eros-eau-de-parfum,Eros ,Versace,2020,2020,"['Italian lemon', 'Spearmint', 'Candied apple', 'Italian mandarin orange', 'Ambermax®', 'Clary sage', 'Geranium', 'Patchouli Orpur®', 'Sandalwood', 'Vanilla', 'Virginia cedar', 'Vetiver Orpur®', 'Leather']","['Daily', 'Sport', 'Leisure', 'Night Out', 'Business', 'Evening']","[16, 7, 21, 24, 9, 22]",7.8,7.7,7.6,8.1,7.8,"['Winter', 'Fall', 'Summer', 'Spring']","[19, 26, 25, 30]","['Masculine', 'Classic', 'Modern']","[48, 8, 44]","['Citrus', 'Spicy', 'Synthetic', 'Sweet', 'Fruity', 'Fresh']","[18, 6, 12, 24, 16, 24]"
445,https://www.parfumo.com/Perfumes/Parfums_de_Marly/haltane,Haltane  ,Parfums de Marly,2021,2020,"['Clary sage', 'Lavender', 'Bergamot', 'Saffron', 'Praliné', 'Cedarwood', 'Elder wood', 'Musk', 'Oud', 'Leather', 'Patchouli', 'Vetiver']","['Daily', 'Leisure', 'Night Out', 'Business', 'Evening']","[12, 17, 29, 11, 31]",8.3,8.3,8.0,8.5,6.7,"['Winter', 'Fall', 'Summer', 'Spring']","[36, 38, 5, 20]","['Masculine', 'Feminine', 'Classic', 'Modern']","[51, 4, 30, 15]","['Spicy', 'Sweet', 'Oriental', 'Leathery', 'Woody', 'Resinous', 'Green']","[23, 16, 17, 10, 23, 6, 5]"
446,https://www.parfumo.com/Perfumes/marc-gebauer/air-tiger,Air Tiger  ,Marc Gebauer,2021,2020,"['Juniper', 'Cardamom', 'Sicilian lemon', 'Leather', 'Patchouli', 'Cedar', 'Iris', 'Labdanum', 'Woods', 'Amber', 'Benzoin']","['Daily', 'Leisure', 'Night Out', 'Business', 'Evening']","[8, 19, 30, 8, 35]",7.0,9.7,9.6,6.8,7.4,"['Winter', 'Fall', 'Summer', 'Spring']","[37, 37, 7, 19]","['Masculine', 'Classic', 'Modern']","[55, 32, 13]","['Spicy', 'Smoky', 'Oriental', 'Leathery', 'Woody', 'Resinous', 'Earthy', 'Animal']","[20, 13, 9, 17, 18, 9, 8, 6]"
447,https://www.parfumo.com/Perfumes/Jean_Paul_Gaultier/le-beau-le-parfum,Le Beau Le Parfum  ,Jean Paul Gaultier,2022,2020,"['Coconut', 'Pineapple', 'Ambergris', 'Sandalwood', 'Tonka bean', 'Cypress', 'Ginger', 'Iris', 'Patchouli']","['Daily', 'Sport', 'Leisure', 'Night Out', 'Business', 'Evening']","[20, 4, 26, 22, 7, 22]",8.0,8.1,7.8,8.8,7.9,"['Winter', 'Fall', 'Summer', 'Spring']","[9, 19, 38, 33]","['Masculine', 'Feminine', 'Classic', 'Modern']","[48, 6, 6, 40]","['Synthetic', 'Sweet', 'Woody', 'Fruity', 'Fresh', 'Creamy']","[12, 27, 7, 23, 15, 16]"
448,https://www.parfumo.com/Perfumes/Maison_Crivelli/oud-maracuja,Oud Maracujá  ,Maison Crivelli,2023,2020,"['Passion fruit', 'Leather', 'Oud', 'Akigalawood®', 'Saffron', 'Siam benzoin Orpur®', 'Spanish cistus absolute Orpur®', 'Turkish rose absolute Orpur®', 'Indonesian patchouli Orpur®', 'Vanilla']","['Daily', 'Leisure', 'Night Out', 'Business', 'Evening']","[6, 19, 35, 4, 35]",8.3,9.2,8.9,7.6,7.0,"['Winter', 'Fall', 'Summer', 'Spring']","[34, 35, 9, 21]","['Masculine', 'Feminine', 'Classic', 'Modern']","[46, 12, 19, 23]","['Spicy', 'Sweet', 'Smoky', 'Oriental', 'Leathery', 'Woody', 'Fruity', 'Animal']","[12, 8, 7, 13, 18, 15, 21, 6]"
449,https://www.parfumo.com/Perfumes/Amouage/reflection-45,Reflection 45  ,Amouage,2021,2020,"['Benzoin', 'Cardamom', 'Clary sage', 'Pink pepper', 'Lavender', 'Juniper berry', 'Iris', 'Jasmine', 'Neroli', 'Angelica', 'Tonka bean', 'Vanilla', 'Sandalwood', 'Cedarwood', 'Frankincense', 'Myrrh', 'Opoponax', 'Patchouli', 'Vetiver']","['Daily', 'Leisure', 'Night Out', 'Business', 'Evening']","[19, 19, 22, 18, 22]",8.8,8.8,7.8,9.3,6.0,"['Winter', 'Fall', 'Summer', 'Spring']","[24, 30, 18, 29]","['Masculine', 'Feminine', 'Classic', 'Modern']","[46, 6, 27, 21]","['Spicy', 'Sweet', 'Powdery', 'Oriental', 'Woody', 'Resinous', 'Fresh', 'Creamy', 'Floral']","[15, 7, 16, 5, 14, 5, 11, 7, 19]"
450,https://www.parfumo.com/Perfumes/Hermes/h24-eau-de-toilette,H24 ,Hermès,2021,2020,"['Clary sage', 'Sclarene', 'Narcissus absolute', 'Rosewood']","['Daily', 'Sport', 'Leisure', 'Night Out', 'Business', 'Evening']","[26, 13, 26, 6, 23, 7]",7.4,7.1,6.7,7.3,6.9,"['Winter', 'Fall', 'Summer', 'Spring']","[6, 20, 36, 38]","['Masculine', 'Feminine', 'Classic', 'Modern']","[45, 11, 20, 24]","['Citrus', 'Spicy', 'Synthetic', 'Woody', 'Green', 'Fruity', 'Fresh', 'Floral']","[11, 7, 9, 11, 21, 6, 23, 10]"
451,https://www.parfumo.com/Perfumes/bdk_Parfums/gris-charnel-extrait,Gris Charnel ,bdk Parfums,2022,2020,"['Cardamom', 'Fig', 'Black tea', 'Iris tingitana absolute', 'Bourbon vetiver', 'Cistus', 'Bourbon vanilla absolute', 'Indonesian patchouli', 'American cedar', 'Brazilian tonka bean absolute', 'Sandalwood']","['Daily', 'Leisure', 'Night Out', 'Business', 'Evening']","[13, 19, 28, 12, 28]",8.5,8.5,8.0,8.2,7.2,"['Winter', 'Fall', 'Summer', 'Spring']","[35, 38, 5, 21]","['Masculine', 'Feminine', 'Classic', 'Modern']","[37, 26, 18, 19]","['Spicy', 'Sweet', 'Smoky', 'Powdery', 'Woody', 'Fruity', 'Creamy']","[23, 19, 10, 6, 20, 6, 17]"
452,https://www.parfumo.com/Perfumes/Yves_Saint_Laurent/libre-eau-de-parfum-intense,Libre ,Yves Saint Laurent,2020,2020,"['Bergamot', 'French lavender', 'Mandarin orange', 'Lavender', 'Moroccan orange blossom absolute', 'Jasmine sambac absolute', 'Orchid', 'Venezuelan tonka bean absolute', 'Bourbon vanilla', 'Ambergris', 'Vetiver']","['Daily', 'Leisure', 'Night Out', 'Business', 'Evening']","[13, 17, 30, 11, 29]",8.2,8.4,8.1,8.7,8.0,"['Winter', 'Fall', 'Summer', 'Spring']","[34, 38, 8, 20]","['Masculine', 'Feminine', 'Classic', 'Modern']","[7, 49, 20, 25]","['Spicy', 'Sweet', 'Powdery', 'Oriental', 'Gourmand', 'Fruity', 'Creamy', 'Floral']","[14, 25, 6, 11, 5, 5, 13, 21]"
453,https://www.parfumo.com/Perfumes/Lattafa/liam,Liam  ,Lattafa / لطافة,2023,2020,"['Cardamom', 'Black tea', 'Fig', 'Labdanum', 'Iris', 'Vetiver', 'Vanilla', 'Sandalwood', 'Tonka bean', 'Patchouli']","['Daily', 'Leisure', 'Night Out', 'Business', 'Evening']","[21, 22, 18, 18, 21]",8.3,7.8,7.4,7.2,9.3,"['Winter', 'Fall', 'Summer', 'Spring']","[25, 33, 12, 29]","['Masculine', 'Feminine', 'Classic', 'Modern']","[36, 23, 15, 25]","['Spicy', 'Sweet', 'Powdery', 'Oriental', 'Woody', 'Fruity', 'Fresh', 'Creamy']","[19, 22, 11, 6, 9, 6, 5, 22]"
454,https://www.parfumo.com/Perfumes/Xerjoff/torino22,Torino22  ,XerJoff,2022,2020,"['Saffron', 'Eucalyptus', 'Bergamot', 'Clary sage', 'Maté', 'Gaiac wood', 'Musk', 'Dry woods']","['Daily', 'Sport', 'Leisure', 'Night Out', 'Business', 'Evening']","[20, 4, 21, 20, 15, 19]",8.2,8.3,7.9,9.1,7.1,"['Winter', 'Fall', 'Summer', 'Spring']","[20, 28, 22, 30]","['Masculine', 'Feminine', 'Classic', 'Modern']","[42, 21, 13, 24]","['Citrus', 'Spicy', 'Sweet', 'Woody', 'Green', 'Fresh', 'Creamy']","[5, 22, 23, 17, 6, 17, 9]"
455,https://www.parfumo.com/Perfumes/Parfums_de_Marly/perseus,Perseus  ,Parfums de Marly,2024,2020,"['Grapefruit', 'Bergamot', 'Blackcurrant bud', 'Vetiver', 'Geranium', 'Green mandarin orange', 'Cashmere wood', 'Dry woods', 'Ambergris']","['Daily', 'Sport', 'Leisure', 'Night Out', 'Business', 'Evening']","[24, 14, 25, 10, 19, 8]",7.6,7.8,7.4,8.2,6.1,"['Fall', 'Summer', 'Spring']","[15, 45, 40]","['Masculine', 'Feminine', 'Classic', 'Modern']","[44, 11, 17, 28]","['Citrus', 'Spicy', 'Woody', 'Green', 'Fruity', 'Fresh']","[27, 7, 16, 12, 14, 25]"
456,https://www.parfumo.com/Perfumes/Yves_Saint_Laurent/le-vestiaire-babycat,Le Vestiaire - Babycat  ,Yves Saint Laurent,2022,2020,"['Elemi resin', 'Black pepper', 'Pink pepper', 'Frankincense', 'Frankincense resin', 'Saffron', 'Vanilla', 'Suede', 'Cedarwood']","['Daily', 'Leisure', 'Night Out', 'Business', 'Evening']","[8, 17, 33, 7, 35]",8.3,8.5,8.1,8.3,6.9,"['Winter', 'Fall', 'Spring']","[43, 44, 13]","['Masculine', 'Feminine', 'Classic', 'Modern']","[31, 34, 19, 16]","['Spicy', 'Sweet', 'Smoky', 'Oriental', 'Leathery', 'Woody', 'Resinous', 'Gourmand', 'Creamy']","[16, 19, 17, 7, 11, 7, 13, 6, 5]"
457,https://www.parfumo.com/Perfumes/Givenchy/l-interdit-eau-de-parfum-rouge,L'Interdit ,Givenchy,2021,2020,"['Sicilian blood orange', 'Ginger', 'Pimento leaf', 'Tuberose', 'Indian jasmine sambac absolute', 'Tunisian orange blossom absolute', 'New Caledonian sandalwood', 'Indonesian patchouli']","['Daily', 'Leisure', 'Night Out', 'Business', 'Evening']","[11, 16, 32, 8, 33]",8.4,8.5,8.2,8.3,8.1,"['Winter', 'Fall', 'Summer', 'Spring']","[38, 39, 8, 16]","['Masculine', 'Feminine', 'Classic', 'Modern']","[5, 52, 23, 20]","['Spicy', 'Sweet', 'Powdery', 'Oriental', 'Woody', 'Fruity', 'Creamy', 'Floral']","[19, 22, 6, 12, 6, 9, 8, 19]"
458,https://www.parfumo.com/Perfumes/Hermes/terre-d-hermes-eau-givree,Terre d'Hermès Eau Givrée  ,Hermès,2022,2020,"['Citron', 'Juniper berry', 'Nepalese sichuan pepper']","['Daily', 'Sport', 'Leisure', 'Night Out', 'Business', 'Evening']","[26, 15, 25, 7, 21, 7]",8.3,7.0,6.8,7.8,7.4,"['Winter', 'Fall', 'Summer', 'Spring']","[4, 16, 43, 37]","['Masculine', 'Feminine', 'Classic', 'Modern']","[44, 8, 23, 25]","['Citrus', 'Spicy', 'Woody', 'Green', 'Fruity', 'Fresh', 'Earthy']","[26, 13, 15, 11, 5, 25, 6]"
459,https://www.parfumo.com/Perfumes/Roja_Parfums/isola-blu-parfum-oligarch-parfum,Isola Blu ,Roja Parfums,2022,2020,"['Lime', 'Bergamot', 'Lavender', 'Thyme', 'Lemon', 'Blackcurrant', 'Champaca flower', 'Orange blossom', 'Apple', 'Grasse jasmine', 'Coconut', 'Lily', 'Juniper berry', 'Cedarwood', 'Grass', 'Oakmoss', 'Patchouli', 'Amber', 'Ambergris', 'Aniseed', 'Birch', 'Galbanum', 'Iris', 'Leather', 'Maté', 'Musk', 'Pink pepper', 'Vanilla', 'Tonka bean']","['Daily', 'Sport', 'Leisure', 'Night Out', 'Business', 'Evening']","[21, 8, 21, 17, 20, 13]",8.7,8.0,7.7,9.3,5.6,"['Winter', 'Fall', 'Summer', 'Spring']","[7, 19, 38, 36]","['Masculine', 'Feminine', 'Classic', 'Modern']","[46, 9, 25, 19]","['Citrus', 'Spicy', 'Woody', 'Green', 'Fruity', 'Fresh', 'Floral']","[23, 15, 13, 13, 7, 23, 6]"
460,https://www.parfumo.com/Perfumes/Yves_Saint_Laurent/myslf,Myslf  ,Yves Saint Laurent,2023,2020,"['Calabrian bergamot', 'Bergamot leaf', 'Tunisian orange blossom absolute', 'Ambrofix', 'Woods', 'Indonesian patchouli']","['Daily', 'Sport', 'Leisure', 'Night Out', 'Business', 'Evening']","[24, 11, 24, 11, 18, 12]",7.1,7.0,6.8,7.5,6.6,"['Winter', 'Fall', 'Summer', 'Spring']","[13, 26, 29, 33]","['Masculine', 'Feminine', 'Classic', 'Modern']","[44, 9, 11, 36]","['Citrus', 'Spicy', 'Synthetic', 'Sweet', 'Woody', 'Fruity', 'Fresh', 'Floral']","[9, 5, 18, 13, 14, 5, 22, 14]"
461,https://www.parfumo.com/Perfumes/Initio/paragon,Paragon  ,Initio,2022,2020,"['White sage', 'Lavender', 'Bergamot', 'Plum', 'Palo Santo', 'Black pepper', 'Sandalwood', 'Oud']","['Daily', 'Leisure', 'Night Out', 'Business', 'Evening']","[21, 23, 20, 15, 21]",8.2,8.1,7.7,8.6,6.8,"['Winter', 'Fall', 'Summer', 'Spring']","[25, 33, 14, 28]","['Masculine', 'Feminine', 'Classic', 'Modern']","[34, 31, 13, 23]","['Spicy', 'Sweet', 'Woody', 'Fruity', 'Fresh', 'Creamy']","[16, 19, 17, 20, 8, 20]"
462,https://www.parfumo.com/Perfumes/Prada/luna-rossa-ocean-eau-de-toilette,Luna Rossa Ocean ,Prada,2021,2020,"['Bergamot', 'Pink pepper', 'Mugwort', 'Iris', 'Sage', 'Lavender', 'Saffron', 'Suede', 'Musk', 'Haitian vetiver', 'Patchouli']","['Daily', 'Sport', 'Leisure', 'Night Out', 'Business', 'Evening']","[23, 18, 24, 9, 19, 8]",7.0,6.5,6.3,7.4,6.5,"['Winter', 'Fall', 'Summer', 'Spring']","[7, 22, 37, 35]","['Masculine', 'Classic', 'Modern']","[51, 13, 37]","['Citrus', 'Spicy', 'Synthetic', 'Sweet', 'Powdery', 'Fresh', 'Aquatic']","[13, 11, 14, 9, 5, 26, 22]"
463,https://www.parfumo.com/Perfumes/Zarko_Perfume/the-muse,The Muse  ,Zarkoperfume,2020,2020,"['Cotton', 'White musk', 'White oud']","['Daily', 'Sport', 'Leisure', 'Night Out', 'Business', 'Evening']","[27, 16, 26, 4, 22, 5]",7.6,8.3,7.9,7.4,7.2,"['Winter', 'Fall', 'Summer', 'Spring']","[16, 21, 30, 32]","['Masculine', 'Feminine', 'Classic', 'Modern']","[23, 39, 14, 23]","['Synthetic', 'Powdery', 'Woody', 'Fresh', 'Creamy', 'Floral']","[31, 14, 5, 35, 8, 7]"
464,https://www.parfumo.com/Perfumes/Tom_Ford/bitter-peach-eau-de-parfum,Bitter Peach ,Tom Ford,2020,2020,"['Wild peach', 'Sicilian blood orange', 'Cardamom', 'Cognac', 'Davana', 'Heliotrope', 'Jasmine sambac absolute', 'Rum absolute', 'New Caledonian sandalwood', 'Vanilla', 'Benzoin', 'Cashmeran', 'Indonesian patchouli', 'Labdanum absolute', 'Styrax', 'Tonka bean absolute']","['Daily', 'Leisure', 'Night Out', 'Business', 'Evening']","[21, 27, 22, 11, 19]",7.4,7.4,7.2,8.2,5.2,"['Winter', 'Fall', 'Summer', 'Spring']","[11, 22, 32, 34]","['Masculine', 'Feminine', 'Classic', 'Modern']","[26, 38, 11, 26]","['Spicy', 'Synthetic', 'Sweet', 'Gourmand', 'Fruity', 'Fresh', 'Creamy', 'Floral']","[8, 7, 25, 11, 27, 7, 9, 6]"
465,https://www.parfumo.com/Perfumes/kinetic-perfumes/sillage,Sillage  ,Kinetic Perfumes,2022,2020,"['Saffron', 'Violet', 'Oud', 'Raspberry', 'Jasmine', 'Frankincense', 'Ambergris', 'Benzoin', 'Musk', 'Suede', 'Vanilla']","['Daily', 'Leisure', 'Night Out', 'Business', 'Evening']","[11, 19, 31, 7, 32]",8.7,8.5,8.2,7.5,8.1,"['Winter', 'Fall', 'Summer', 'Spring']","[34, 38, 6, 22]","['Masculine', 'Feminine', 'Classic', 'Modern']","[44, 17, 18, 21]","['Spicy', 'Sweet', 'Oriental', 'Leathery', 'Woody', 'Fruity']","[10, 19, 13, 26, 11, 21]"
466,https://www.parfumo.com/Perfumes/Dolce_Gabbana/light-blue-pour-homme-forever,Light Blue pour Homme Forever  ,Dolce & Gabbana,2021,2020,"['Grapefruit zest', 'Italian bergamot', 'Ozonic notes', 'Violet leaf', 'White musk', 'Java vetiver', 'Patchouli']","['Daily', 'Sport', 'Leisure', 'Night Out', 'Business', 'Evening']","[25, 18, 26, 9, 15, 7]",8.1,7.3,7.1,7.8,7.7,"['Fall', 'Summer', 'Spring']","[8, 55, 37]","['Masculine', 'Feminine', 'Classic', 'Modern']","[45, 10, 10, 34]","['Citrus', 'Synthetic', 'Sweet', 'Green', 'Fruity', 'Fresh', 'Aquatic']","[25, 5, 7, 5, 19, 24, 15]"
467,https://www.parfumo.com/Perfumes/Jean_Paul_Gaultier/scandal-pour-homme,Scandal pour Homme  ,Jean Paul Gaultier,2021,2020,"['Caramel', 'Tonka bean', 'Clary sage', 'Vetiver']","['Daily', 'Leisure', 'Night Out', 'Business', 'Evening']","[11, 23, 31, 7, 27]",6.7,7.9,7.6,7.5,6.9,"['Winter', 'Fall', 'Summer', 'Spring']","[34, 38, 8, 20]","['Masculine', 'Feminine', 'Modern']","[48, 11, 41]","['Spicy', 'Synthetic', 'Sweet', 'Woody', 'Gourmand', 'Creamy']","[11, 24, 32, 7, 16, 10]"
468,https://www.parfumo.com/Perfumes/Afnan_Perfumes/supremacy-not-only-intense,Supremacy Not Only Intense  ,Afnan Perfumes,2021,2020,"['Blackcurrant', 'Bergamot', 'Apple', 'Oakmoss', 'Patchouli', 'Lavender', 'Ambergris', 'Saffron', 'Musk']","['Daily', 'Sport', 'Leisure', 'Night Out', 'Business', 'Evening']","[21, 7, 21, 17, 17, 16]",8.1,8.5,8.2,8.2,9.1,"['Winter', 'Fall', 'Summer', 'Spring']","[16, 27, 26, 31]","['Masculine', 'Classic', 'Modern']","[51, 22, 27]","['Citrus', 'Spicy', 'Synthetic', 'Sweet', 'Smoky', 'Woody', 'Fruity', 'Fresh']","[13, 9, 5, 8, 18, 11, 19, 16]"
469,https://www.parfumo.com/Perfumes/Jean_Paul_Gaultier/le-beau-paradise-garden,Le Beau Paradise Garden  ,Jean Paul Gaultier,2024,2020,"['Coconut water', 'Tonka bean', 'Green fig', 'Mint', 'Sandalwood', 'Ginger']","['Daily', 'Sport', 'Leisure', 'Night Out', 'Business', 'Evening']","[27, 9, 32, 11, 11, 10]",7.1,7.6,7.4,8.5,6.9,"['Winter', 'Fall', 'Summer', 'Spring']","[4, 10, 45, 40]","['Masculine', 'Feminine', 'Classic', 'Modern']","[45, 10, 7, 38]","['Synthetic', 'Sweet', 'Green', 'Fruity', 'Fresh', 'Creamy', 'Aquatic']","[13, 20, 16, 19, 20, 7, 5]"
470,https://www.parfumo.com/Perfumes/Dior/dior-homme-sport-2021,Dior Homme Sport  ,Dior,2021,2020,"['Italian lemon', 'Aldehydes', 'Calabrian bergamot', 'Elemi resin', 'Pink pepper', 'Frankincense', 'Woods', 'Amber']","['Daily', 'Sport', 'Leisure', 'Night Out', 'Business', 'Evening']","[25, 19, 24, 6, 20, 6]",8.1,7.7,7.3,8.2,7.6,"['Winter', 'Fall', 'Summer', 'Spring']","[7, 21, 37, 36]","['Masculine', 'Classic', 'Modern']","[49, 21, 30]","['Citrus', 'Spicy', 'Woody', 'Resinous', 'Fresh']","[26, 16, 22, 10, 27]"
471,https://www.parfumo.com/Perfumes/bdk_Parfums/velvet-tonka,Velvet Tonka  ,bdk Parfums,2021,2020,"['Almond', 'Orange blossom', 'Balkans tobacco absolute', 'Rose absolute', 'Tonka bean absolute', 'Bourbon vanilla absolute', 'Amberwood', 'Amyris']","['Daily', 'Leisure', 'Night Out', 'Business', 'Evening']","[13, 20, 27, 9, 30]",8.0,8.2,7.8,8.3,7.4,"['Winter', 'Fall', 'Spring']","[42, 41, 17]","['Masculine', 'Feminine', 'Classic', 'Modern']","[20, 43, 18, 19]","['Spicy', 'Sweet', 'Powdery', 'Woody', 'Gourmand', 'Creamy']","[13, 25, 12, 7, 24, 18]"
472,https://www.parfumo.com/Perfumes/Roja_Parfums/burlington-1819,Burlington 1819  ,Roja Parfums,2020,2020,"['Grapefruit', 'Bitter orange', 'Ginger', 'Lime', 'Mint', 'Benzoin', 'Cashmere wood', 'Cedarwood', 'Cumin', 'Labdanum', 'Mandarin orange', 'Musk', 'Oakmoss', 'Patchouli', 'Ambergris', 'Cinnamon', 'Rum', 'Saffron', 'Tobacco', 'Vanilla']","['Daily', 'Sport', 'Leisure', 'Night Out', 'Business', 'Evening']","[21, 6, 24, 16, 19, 14]",8.5,7.8,7.4,9.1,6.1,"['Winter', 'Fall', 'Summer', 'Spring']","[6, 21, 37, 36]","['Masculine', 'Feminine', 'Classic', 'Modern']","[44, 11, 26, 19]","['Citrus', 'Spicy', 'Woody', 'Green', 'Fruity', 'Fresh']","[25, 16, 15, 9, 12, 24]"
473,https://www.parfumo.com/Perfumes/Giorgio_Armani/acqua-di-gio-parfum,Acqua di Giò Parfum  ,Giorgio Armani,2023,2020,"['Marine notes', 'Calabrian bergamot', 'Ginger', 'Provençal clary sage', 'Rosemary', 'Bourbon geranium', 'Frankincense', 'Guatemala patchouly', 'Woods']","['Daily', 'Sport', 'Leisure', 'Night Out', 'Business', 'Evening']","[23, 12, 22, 10, 22, 11]",8.2,7.4,7.1,7.8,7.2,"['Winter', 'Fall', 'Summer', 'Spring']","[9, 22, 35, 34]","['Masculine', 'Classic', 'Modern']","[48, 25, 27]","['Citrus', 'Spicy', 'Woody', 'Green', 'Fresh', 'Aquatic']","[16, 15, 6, 8, 26, 28]"
474,https://www.parfumo.com/Perfumes/Prada/paradoxe,Paradoxe  ,Prada,2022,2020,"['Pear', 'Tangerine', 'Calabrian bergamot', 'Jasmine sambac absolute', 'Tunisian orange blossom absolute', 'Bitter orange blossom', 'Neroli', 'Ambrofix', 'Bourbon vanilla', 'Serenolide', 'Benzoin Siam']","['Daily', 'Leisure', 'Night Out', 'Business', 'Evening']","[22, 24, 21, 16, 17]",6.9,7.5,7.2,7.1,6.6,"['Winter', 'Fall', 'Summer', 'Spring']","[18, 28, 22, 32]","['Feminine', 'Classic', 'Modern']","[54, 11, 35]","['Citrus', 'Synthetic', 'Sweet', 'Fruity', 'Fresh', 'Floral']","[5, 15, 26, 20, 8, 26]"
475,https://www.parfumo.com/Perfumes/liquides-imaginaires/blanche-bete,Blanche Bête  ,Liquides Imaginaires,2021,2020,"['Milk', 'Mystikal®', 'Ambrette seed', 'Mahonial®', 'Tuberose', 'Jasmine', 'Frankincense', 'Tonka bean', 'Vanilla', 'Cocoa']","['Daily', 'Leisure', 'Night Out', 'Business', 'Evening']","[22, 24, 19, 15, 19]",8.1,8.3,7.7,8.2,6.7,"['Winter', 'Fall', 'Summer', 'Spring']","[23, 28, 21, 28]","['Masculine', 'Feminine', 'Classic', 'Modern']","[12, 46, 14, 28]","['Synthetic', 'Sweet', 'Powdery', 'Gourmand', 'Creamy', 'Floral']","[6, 26, 10, 17, 27, 13]"
476,https://www.parfumo.com/Perfumes/Xerjoff/decas,Decas  ,XerJoff,2021,2020,"['Calabrian mandarin orange', 'Tuberose', 'Tobacco', 'Benzoin', 'Florentine iris', 'Opoponax', 'Balsam', 'Bourbon vanilla', 'Musk']","['Daily', 'Leisure', 'Night Out', 'Business', 'Evening']","[21, 25, 19, 14, 20]",7.9,7.8,7.4,8.9,7.0,"['Winter', 'Fall', 'Summer', 'Spring']","[14, 28, 26, 32]","['Masculine', 'Feminine', 'Classic', 'Modern']","[35, 28, 14, 23]","['Citrus', 'Spicy', 'Sweet', 'Resinous', 'Fruity', 'Fresh', 'Creamy', 'Floral']","[9, 10, 22, 5, 18, 8, 15, 13]"
477,https://www.parfumo.com/Perfumes/Azzaro/the-most-wanted-parfum,The Most Wanted Parfum  ,Azzaro,2022,2020,"['Red ginger', 'Woody notes', 'Bourbon vanilla']","['Daily', 'Leisure', 'Night Out', 'Business', 'Evening']","[12, 17, 32, 8, 31]",8.4,8.0,7.7,8.0,8.1,"['Winter', 'Fall', 'Spring']","[42, 42, 16]","['Masculine', 'Classic', 'Modern']","[51, 15, 34]","['Spicy', 'Synthetic', 'Sweet', 'Woody', 'Gourmand']","[26, 10, 31, 20, 14]"
478,https://www.parfumo.com/Perfumes/Tiziana_Terenzi/rosso-pompei,Rosso Pompei  ,Tiziana Terenzi,2020,2020,"['Amalfi grape', 'Sicilian grapefruit', 'Pink grapefruit', 'Italian lemon', 'Ambergris', 'Jasminum grandiflorum', 'Mexican tuberose', 'Lily of the valley', 'Magnolia', 'Indian sandalwood', 'Patchouli', 'Lebanon cedar', 'Neapolitan maple']","['Daily', 'Sport', 'Leisure', 'Night Out', 'Business', 'Evening']","[19, 5, 24, 20, 15, 16]",8.1,8.7,8.4,8.4,6.6,"['Winter', 'Fall', 'Summer', 'Spring']","[7, 17, 40, 36]","['Masculine', 'Feminine', 'Classic', 'Modern']","[38, 24, 13, 25]","['Citrus', 'Spicy', 'Synthetic', 'Sweet', 'Woody', 'Fruity', 'Fresh', 'Floral']","[20, 6, 5, 11, 11, 21, 18, 9]"
479,https://www.parfumo.com/Perfumes/Amouage/interlude-black-iris,Interlude Black Iris  ,Amouage,2020,2020,"['Rosemary', 'Violet leaf', 'Bergamot', 'Frankincense', 'Florentine iris absolute', 'Myrrh', 'Orris butter', 'Amber', 'Cistus', 'Vanilla', 'Smoked leather', 'Patchouli', 'Sandalwood', 'Cedarwood', 'Oud']","['Daily', 'Leisure', 'Night Out', 'Business', 'Evening']","[7, 17, 33, 8, 36]",8.2,9.1,8.7,9.1,7.1,"['Winter', 'Fall', 'Spring']","[42, 40, 17]","['Masculine', 'Feminine', 'Classic', 'Modern']","[53, 8, 28, 11]","['Spicy', 'Sweet', 'Smoky', 'Powdery', 'Oriental', 'Leathery', 'Woody', 'Resinous']","[17, 6, 19, 7, 15, 8, 15, 12]"
480,https://www.parfumo.com/Perfumes/Armaf/club-de-nuit-sillage-eau-de-parfum,Club de Nuit Sillage ,Armaf,2020,2020,"['Bergamot', 'Lemon', 'Ginger', 'Blackcurrant', 'Lime', 'Violet leaf', 'Rose', 'Jasmine', 'Iris', 'Musk', 'Ambroxan', 'Cedar', 'Sandalwood']","['Daily', 'Sport', 'Leisure', 'Night Out', 'Business', 'Evening']","[24, 15, 26, 8, 20, 7]",7.3,8.0,7.8,7.0,8.7,"['Winter', 'Fall', 'Summer', 'Spring']","[5, 17, 39, 39]","['Masculine', 'Feminine', 'Classic', 'Modern']","[42, 15, 17, 26]","['Citrus', 'Synthetic', 'Woody', 'Green', 'Fruity', 'Fresh', 'Floral', 'Aquatic']","[24, 12, 6, 6, 6, 23, 14, 10]"
481,https://www.parfumo.com/Perfumes/Giorgio_Armani/my-way-eau-de-parfum,My Way ,Giorgio Armani,2020,2020,"['Egyptian orange blossom', 'Calabrian bergamot', 'Indian tuberose', 'Jasminum auriculatum', 'White musk', 'Bourbon vanilla', 'Virginia cedar']","['Daily', 'Leisure', 'Night Out', 'Business', 'Evening']","[24, 26, 17, 17, 16]",6.7,7.3,7.1,7.6,7.0,"['Winter', 'Fall', 'Summer', 'Spring']","[14, 23, 26, 36]","['Feminine', 'Classic', 'Modern']","[55, 11, 34]","['Synthetic', 'Sweet', 'Fruity', 'Fresh', 'Creamy', 'Floral']","[11, 26, 19, 10, 5, 29]"
482,https://www.parfumo.com/Perfumes/Montblanc/signature,Signature ,Montblanc,2020,2020,"['Clementine', 'Magnolia', 'Ylang-ylang', 'Peony', 'White musk', 'Vanilla', 'Benzoin']","['Daily', 'Leisure', 'Night Out', 'Business', 'Evening']","[28, 26, 11, 24, 11]",7.8,7.5,7.1,8.1,8.4,"['Winter', 'Fall', 'Summer', 'Spring']","[18, 26, 23, 33]","['Feminine', 'Classic', 'Modern']","[55, 16, 29]","['Citrus', 'Synthetic', 'Sweet', 'Powdery', 'Fruity', 'Fresh', 'Creamy', 'Floral']","[5, 5, 21, 10, 13, 8, 25, 14]"
483,https://www.parfumo.com/Perfumes/Guerlain/l-homme-ideal-extreme,L'Homme Idéal Extrême  ,Guerlain,2020,2020,"['Almond', 'Bergamot', 'Pink pepper', 'Heliotrope', 'Cinnamon', 'Plum', 'Tobacco', 'Leather', 'Patchouli', 'Cedar']","['Daily', 'Leisure', 'Night Out', 'Business', 'Evening']","[14, 19, 26, 13, 28]",8.3,7.7,7.4,8.0,7.9,"['Winter', 'Fall', 'Summer', 'Spring']","[36, 40, 5, 19]","['Masculine', 'Feminine', 'Classic', 'Modern']","[46, 10, 23, 22]","['Spicy', 'Sweet', 'Oriental', 'Leathery', 'Woody', 'Gourmand', 'Fruity', 'Creamy']","[20, 22, 9, 12, 9, 10, 13, 5]"
484,https://www.parfumo.com/Perfumes/Mancera/tonka-cola,Tonka Cola  ,Mancera,2022,2020,"['Black cherry', 'Cinnamon', 'Sicilian lemon', 'Nutmeg', 'Cola', 'Indonesian patchouli', 'Orange blossom', 'Brazilian tonka bean', 'Benzoin', 'Labdanum', 'Vanilla']","['Daily', 'Leisure', 'Night Out', 'Business', 'Evening']","[14, 23, 26, 9, 28]",8.0,8.1,7.9,7.7,7.7,"['Winter', 'Fall', 'Summer', 'Spring']","[35, 36, 9, 20]","['Masculine', 'Feminine', 'Classic', 'Modern']","[37, 26, 11, 26]","['Citrus', 'Spicy', 'Synthetic', 'Sweet', 'Oriental', 'Gourmand', 'Fruity']","[12, 23, 7, 26, 6, 17, 11]"
485,https://www.parfumo.com/Perfumes/Burberry/goddess-eau-de-parfum,Goddess ,Burberry,2023,2020,"['Vanilla', 'Lavender', 'Vanilla absolute', 'Cocoa', 'Ginger']","['Daily', 'Leisure', 'Night Out', 'Business', 'Evening']","[21, 22, 21, 16, 21]",7.9,7.4,6.9,8.0,7.1,"['Winter', 'Fall', 'Summer', 'Spring']","[29, 33, 14, 24]","['Masculine', 'Feminine', 'Classic', 'Modern']","[5, 51, 16, 28]","['Spicy', 'Synthetic', 'Sweet', 'Gourmand', 'Creamy', 'Floral']","[9, 5, 32, 22, 18, 14]"
486,https://www.parfumo.com/Perfumes/Rabanne/phantom,Phantom  ,Rabanne,2021,2020,"['Fruity notes', 'Rhubarb', 'Vanilla absolute', 'Italian lemon zest', 'Provençal lavender absolute', 'Clary sage', 'Indonesian patchouli', 'Haitian vetiver']","['Daily', 'Sport', 'Leisure', 'Night Out', 'Business', 'Evening']","[19, 5, 27, 20, 11, 17]",5.7,6.8,6.8,6.0,5.8,"['Winter', 'Fall', 'Summer', 'Spring']","[23, 30, 18, 30]","['Masculine', 'Feminine', 'Classic', 'Modern']","[41, 10, 6, 43]","['Citrus', 'Spicy', 'Synthetic', 'Sweet', 'Fruity', 'Fresh', 'Creamy']","[9, 7, 24, 27, 18, 10, 6]"
487,https://www.parfumo.com/Perfumes/Viktor_Rolf/spicebomb-infrared-eau-de-toilette,Spicebomb Infrared ,Viktor & Rolf,2021,2020,"['Red apple', 'Red pepper', 'Grapefruit', 'Pimento', 'Saffron', 'Cinnamon leaf', 'Habanero chili', 'Provençal lavender', 'Lavender', 'Tobacco', 'Benzoin', 'Amberwood', 'Cedarwood']","['Daily', 'Leisure', 'Night Out', 'Business', 'Evening']","[14, 21, 28, 9, 28]",8.1,7.8,7.6,8.3,7.8,"['Winter', 'Fall', 'Spring']","[41, 42, 16]","['Masculine', 'Feminine', 'Classic', 'Modern']","[48, 8, 14, 31]","['Spicy', 'Sweet', 'Oriental', 'Woody', 'Gourmand', 'Fruity']","[29, 25, 10, 10, 7, 19]"
488,https://www.parfumo.com/Perfumes/Amouage/enclave,Enclave  ,Amouage,2020,2020,"['Spearmint', 'Cardamom', 'Cinnamon', 'Pink pepper CO2', 'Frankincense', 'Patchouli', 'Rose absolute', 'Vetiver', 'Amber Xtreme™', 'Labdanum', 'Saffiano™']","['Daily', 'Leisure', 'Night Out', 'Business', 'Evening']","[20, 23, 21, 16, 20]",8.1,8.7,8.1,8.8,6.7,"['Winter', 'Fall', 'Summer', 'Spring']","[20, 31, 19, 31]","['Masculine', 'Feminine', 'Classic', 'Modern']","[45, 12, 20, 22]","['Spicy', 'Sweet', 'Oriental', 'Woody', 'Resinous', 'Green', 'Fresh', 'Creamy']","[21, 12, 9, 15, 6, 13, 18, 5]"
489,https://www.parfumo.com/Perfumes/Narciso_Rodriguez/for-her-musc-noir-rose,For Her Musc Noir Rose  ,Narciso Rodriguez,2022,2020,"['Plum', 'Italian bergamot', 'Pink pepper', 'Musk', 'Tuberose', 'Rose', 'Vanilla']","['Daily', 'Leisure', 'Night Out', 'Business', 'Evening']","[21, 21, 21, 16, 21]",8.3,7.4,7.2,8.2,7.8,"['Winter', 'Fall', 'Summer', 'Spring']","[28, 34, 11, 26]","['Feminine', 'Classic', 'Modern']","[55, 18, 27]","['Spicy', 'Sweet', 'Powdery', 'Fruity', 'Creamy', 'Floral']","[7, 24, 13, 19, 11, 25]"
490,https://www.parfumo.com/Perfumes/Giorgio_Armani/armani-code-parfum,Armani Code Parfum  ,Giorgio Armani,2022,2020,"['Bergamot leaf', 'Calabrian bergamot', 'Provençal clary sage', 'Iris aldehyde', 'Moroccan orris butter', 'Brazilian tonka bean absolute', 'Virginia cedar']","['Daily', 'Sport', 'Leisure', 'Night Out', 'Business', 'Evening']","[21, 5, 20, 17, 20, 18]",7.8,7.5,7.1,7.6,7.0,"['Winter', 'Fall', 'Summer', 'Spring']","[25, 30, 17, 29]","['Masculine', 'Classic', 'Modern']","[46, 22, 32]","['Citrus', 'Spicy', 'Synthetic', 'Sweet', 'Powdery', 'Woody', 'Fresh', 'Creamy']","[5, 14, 10, 19, 10, 15, 19, 7]"
491,https://www.parfumo.com/Perfumes/kai-porten-parfums-prives/oud-31,Oud 31  ,Kai Porten Parfums Privés,2023,2020,"['Oud', 'Rose', 'Amber', 'Cardamom', 'Musk', 'Sandalwood', 'Spices', 'Vanilla', 'Fresh notes', 'Green notes', 'Jasmine', 'Lavender', 'Orris root']","['Daily', 'Leisure', 'Night Out', 'Business', 'Evening']","[8, 23, 31, 6, 33]",6.7,8.6,8.2,7.1,4.7,"['Winter', 'Fall', 'Summer', 'Spring']","[34, 35, 9, 22]","['Masculine', 'Feminine', 'Classic', 'Modern']","[40, 21, 23, 17]","['Spicy', 'Sweet', 'Oriental', 'Woody', 'Creamy', 'Floral', 'Animal']","[15, 12, 18, 14, 9, 14, 18]"
492,https://www.parfumo.com/Perfumes/Montale/infinity,Infinity  ,Montale,2023,2020,"['Black cherry', 'Plum', 'Cardamom', 'Peruvian pink pepper', 'Saffron', 'Indian rose', 'Leather', 'Oud', 'Sandalwood', 'Tuberose', 'Vetiver', 'Tonka bean', 'Musk', 'Tobacco', 'Vanilla sugar', 'Amber']","['Daily', 'Leisure', 'Night Out', 'Business', 'Evening']","[8, 19, 32, 7, 33]",8.2,8.3,8.0,7.2,8.0,"['Winter', 'Fall', 'Summer', 'Spring']","[40, 39, 5, 17]","['Masculine', 'Feminine', 'Classic', 'Modern']","[38, 26, 13, 22]","['Spicy', 'Synthetic', 'Sweet', 'Oriental', 'Leathery', 'Woody', 'Gourmand', 'Fruity']","[15, 8, 23, 15, 7, 7, 6, 20]"
493,https://www.parfumo.com/Perfumes/Tom_Ford/ombre-leather-parfum,Ombré Leather Parfum  ,Tom Ford,2021,2020,"['Black leather', 'Cedarwood', 'Iris', 'Woody notes', 'Green tobacco', 'Indian jasmine sambac absolute', 'Violet leaf absolute Orpur®']","['Daily', 'Leisure', 'Night Out', 'Business', 'Evening']","[12, 18, 29, 12, 29]",8.3,8.2,7.7,7.7,7.1,"['Winter', 'Fall', 'Summer', 'Spring']","[34, 37, 6, 22]","['Masculine', 'Feminine', 'Classic', 'Modern']","[47, 11, 25, 17]","['Spicy', 'Sweet', 'Smoky', 'Leathery', 'Woody', 'Floral']","[15, 12, 8, 33, 14, 18]"
494,https://www.parfumo.com/Perfumes/Stephane_Humbert_Lucas/god-of-fire,God of Fire  ,Stéphane Humbert Lucas,2022,2020,"['Mango', 'Ginger', 'Lemon', 'Pink pepper', 'Coumarin', 'Dry woods', 'Jasmine', 'Musk', 'Nagarmotha', 'Amber', 'Oud']","['Daily', 'Sport', 'Leisure', 'Night Out', 'Business', 'Evening']","[19, 4, 26, 20, 12, 19]",8.1,8.1,7.8,8.9,6.7,"['Winter', 'Fall', 'Summer', 'Spring']","[7, 17, 40, 35]","['Masculine', 'Feminine', 'Classic', 'Modern']","[32, 32, 8, 28]","['Citrus', 'Spicy', 'Synthetic', 'Sweet', 'Woody', 'Fruity', 'Fresh', 'Creamy']","[12, 7, 5, 19, 12, 24, 14, 5]"
495,https://www.parfumo.com/Perfumes/Parfums_de_Marly/oriana,Oriana  ,Parfums de Marly,2021,2020,"['Grapefruit', 'Italian bergamot', 'Mandarin orange', 'Orange blossom', 'Raspberry', 'Blackcurrant', 'Marshmallow', 'Cream', 'Musk', 'Ambrette']","['Daily', 'Leisure', 'Night Out', 'Business', 'Evening']","[20, 26, 21, 13, 19]",7.8,7.5,7.2,8.6,6.1,"['Winter', 'Fall', 'Summer', 'Spring']","[18, 27, 22, 33]","['Feminine', 'Classic', 'Modern']","[57, 7, 36]","['Synthetic', 'Sweet', 'Powdery', 'Gourmand', 'Fruity', 'Creamy', 'Floral']","[7, 25, 7, 13, 21, 15, 12]"
496,https://www.parfumo.com/Perfumes/Joop/joop-homme-eau-de-parfum,Joop! Homme ,Joop!,2021,2020,"['Cinnamon', 'Bergamot', 'Hazelnut', 'Cardamom', 'Heliotrope', 'Orange blossom', 'Fir needle', 'Vanilla', 'Sandalwood', 'Tonka bean absolute', 'Cashmeran', 'Moss', 'Vetiver']","['Daily', 'Leisure', 'Night Out', 'Business', 'Evening']","[14, 19, 28, 10, 28]",7.8,8.3,8.0,7.1,8.7,"['Winter', 'Fall', 'Spring']","[42, 41, 17]","['Masculine', 'Feminine', 'Classic', 'Modern']","[46, 7, 20, 27]","['Spicy', 'Synthetic', 'Sweet', 'Oriental', 'Woody', 'Gourmand']","[24, 11, 26, 14, 10, 15]"
497,https://www.parfumo.com/Perfumes/Jean_Paul_Gaultier/la-belle-le-parfum,La Belle Le Parfum  ,Jean Paul Gaultier,2021,2020,"['Pear', 'Vanilla', 'Jasmine', 'Tonka bean', 'Musk']","['Daily', 'Leisure', 'Night Out', 'Business', 'Evening']","[10, 17, 33, 7, 33]",8.3,8.6,8.3,8.8,8.2,"['Winter', 'Fall', 'Summer', 'Spring']","[39, 39, 5, 17]","['Feminine', 'Classic', 'Modern']","[57, 16, 27]","['Spicy', 'Sweet', 'Powdery', 'Oriental', 'Gourmand', 'Fruity', 'Creamy', 'Floral']","[5, 26, 5, 8, 18, 19, 10, 9]"
498,https://www.parfumo.com/Perfumes/pana-dora/moonlight,Moonlight  ,Pana Dora,2023,2020,"['Plum', 'Mandarin orange', 'Chocolate', 'Fruity notes', 'Clove leaf', 'Peach', 'White chocolate', 'Honey', 'Cedarwood', 'Tobacco', 'Vanilla', 'Amber', 'Musk']","['Daily', 'Leisure', 'Night Out', 'Business', 'Evening']","[10, 20, 31, 7, 32]",8.4,8.5,8.0,9.4,7.2,"['Winter', 'Fall', 'Spring']","[44, 41, 15]","['Masculine', 'Feminine', 'Classic', 'Modern']","[30, 35, 14, 21]","['Spicy', 'Sweet', 'Woody', 'Gourmand', 'Fruity', 'Creamy']","[18, 26, 6, 24, 15, 11]"
499,https://www.parfumo.com/Perfumes/Azzaro/the-most-wanted,The Most Wanted  ,Azzaro,2021,2020,"['Guatemala cardamom', 'Toffee', 'Bourbon vanilla', 'Vetiver']","['Daily', 'Leisure', 'Night Out', 'Business', 'Evening']","[12, 20, 30, 6, 31]",7.8,7.9,7.6,8.0,7.7,"['Winter', 'Fall', 'Summer', 'Spring']","[38, 38, 4, 19]","['Masculine', 'Feminine', 'Classic', 'Modern']","[48, 5, 9, 38]","['Spicy', 'Synthetic', 'Sweet', 'Woody', 'Gourmand', 'Fruity', 'Creamy']","[20, 15, 27, 12, 16, 5, 6]"
500,https://www.parfumo.com/Perfumes/Parfums_de_Marly/pegasus-exclusif,Pegasus Exclusif  ,Parfums de Marly,2020,2020,"['Cardamom', 'Heliotrope', 'Pink pepper', 'Bergamot', 'Bitter almond', 'Lavender', 'Geranium', 'Jasmine', 'Gaiac wood', 'Sandalwood', 'Vanilla', 'Amber', 'Oud']","['Daily', 'Leisure', 'Night Out', 'Business', 'Evening']","[11, 22, 28, 11, 28]",7.9,8.3,8.0,8.7,6.6,"['Winter', 'Fall', 'Summer', 'Spring']","[38, 38, 5, 19]","['Masculine', 'Feminine', 'Classic', 'Modern']","[47, 6, 24, 23]","['Spicy', 'Sweet', 'Smoky', 'Oriental', 'Woody', 'Resinous', 'Gourmand', 'Creamy']","[20, 21, 6, 11, 21, 6, 6, 10]"
501,https://www.parfumo.com/Perfumes/Gritti/duchessa,Duchessa  ,Gritti,2020,2020,"['Black cherry', 'Marzipan', 'Bitter orange', 'Blood orange zest', 'Saffron blossom', 'Jasmine', 'Clove', 'Cocoa', 'White blossoms', 'Almond', 'Brown sugar', 'Iris']","['Daily', 'Leisure', 'Night Out', 'Business', 'Evening']","[10, 17, 32, 8, 33]",8.5,8.3,7.9,8.5,6.8,"['Winter', 'Fall', 'Summer', 'Spring']","[37, 39, 6, 18]","['Masculine', 'Feminine', 'Classic', 'Modern']","[24, 42, 15, 19]","['Spicy', 'Sweet', 'Gourmand', 'Fruity', 'Creamy']","[14, 29, 24, 26, 8]"
502,https://www.parfumo.com/Perfumes/Parfums_de_Marly/delina-la-rosee,Delina La Rosée  ,Parfums de Marly,2021,2020,"['Lychee', 'Pear', 'Bergamot', 'Aquatic flowers', 'Turkish rose', 'Peony', 'White musk', 'Vetiver', 'Woody notes']","['Daily', 'Leisure', 'Night Out', 'Business', 'Evening']","[28, 26, 14, 22, 10]",8.2,7.9,7.5,8.8,6.4,"['Winter', 'Fall', 'Summer', 'Spring']","[6, 14, 39, 41]","['Feminine', 'Classic', 'Modern']","[55, 13, 33]","['Sweet', 'Fruity', 'Fresh', 'Floral', 'Aquatic']","[17, 18, 24, 30, 11]"
503,https://www.parfumo.com/Perfumes/Dior/vanilla-diorama,Vanilla Diorama  ,Dior,2021,2020,"['Bourbon vanilla', 'Cardamom', 'Rum', 'Cocoa', 'Sandalwood', 'Lemon', 'Orange', 'Patchouli', 'Pink pepper']","['Daily', 'Leisure', 'Night Out', 'Business', 'Evening']","[12, 21, 27, 10, 30]",8.1,7.9,7.5,8.2,6.6,"['Winter', 'Fall', 'Summer', 'Spring']","[38, 39, 5, 17]","['Masculine', 'Feminine', 'Classic', 'Modern']","[32, 35, 18, 15]","['Citrus', 'Spicy', 'Sweet', 'Oriental', 'Woody', 'Gourmand', 'Creamy']","[5, 22, 25, 11, 10, 20, 8]"
504,https://www.parfumo.com/Perfumes/Amouage/guidance-eau-de-parfum,Guidance ,Amouage,2023,2020,"['Pear', 'Hazelnut', 'Frankincense', 'Osmanthus', 'Rose', 'Jasmine sambac', 'Saffron', 'Akigalawood®', 'Sandalwood', 'Vanilla', 'Ambergris', 'Cistus']","['Daily', 'Leisure', 'Night Out', 'Business', 'Evening']","[16, 22, 25, 12, 25]",7.6,9.0,8.7,8.8,6.3,"['Winter', 'Fall', 'Summer', 'Spring']","[25, 32, 15, 28]","['Masculine', 'Feminine', 'Classic', 'Modern']","[8, 53, 17, 23]","['Spicy', 'Sweet', 'Powdery', 'Oriental', 'Woody', 'Gourmand', 'Fruity', 'Creamy', 'Floral']","[9, 20, 5, 5, 6, 6, 15, 19, 16]"
505,https://www.parfumo.com/Perfumes/lattafa-pride/eternal-oud,Eternal Oud  ,Lattafa Pride,2022,2020,"['Plum', 'Grapefruit', 'Heliotrope', 'Orchid', 'Amber', 'Benzoin', 'Tonka bean', 'Vanilla', 'Labdanum', 'Oud']","['Daily', 'Leisure', 'Night Out', 'Business', 'Evening']","[11, 17, 30, 9, 33]",7.9,8.1,7.8,8.5,9.0,"['Winter', 'Fall', 'Spring']","[40, 40, 19]","['Masculine', 'Feminine', 'Classic', 'Modern']","[42, 24, 21, 13]","['Spicy', 'Sweet', 'Oriental', 'Woody', 'Resinous', 'Gourmand', 'Fruity', 'Creamy']","[16, 19, 18, 13, 13, 6, 8, 6]"
506,https://www.parfumo.com/Perfumes/Simone_Andreoli/leisure-in-paradise,Leisure in Paradise  ,Simone Andreoli,2020,2020,"['Papaya', 'Pineapple', 'Coconut milk', 'Vanilla', 'Caribbean woods']","['Daily', 'Leisure', 'Night Out', 'Business', 'Evening']","[21, 30, 20, 12, 17]",8.0,7.7,7.4,7.5,7.6,"['Winter', 'Fall', 'Summer', 'Spring']","[8, 12, 45, 34]","['Masculine', 'Feminine', 'Classic', 'Modern']","[17, 47, 9, 27]","['Sweet', 'Woody', 'Gourmand', 'Fruity', 'Fresh', 'Creamy']","[27, 7, 15, 26, 5, 20]"
507,https://www.parfumo.com/Perfumes/Zara/sand-desert-at-sunset,Sand Desert at Sunset  ,Zara,2023,2020,"['Tonka bean', 'Chocolate', 'Cinnamon', 'Orange', 'Cedarwood', 'Frankincense', 'Iris']","['Daily', 'Leisure', 'Night Out', 'Business', 'Evening']","[14, 20, 27, 9, 30]",8.1,6.9,6.7,6.9,9.1,"['Winter', 'Fall', 'Summer', 'Spring']","[40, 40, 6, 14]","['Masculine', 'Feminine', 'Classic', 'Modern']","[38, 27, 14, 22]","['Spicy', 'Sweet', 'Oriental', 'Woody', 'Gourmand', 'Creamy']","[17, 26, 13, 5, 26, 12]"
508,https://www.parfumo.com/Perfumes/Diptyque/l-eau-papier-eau-de-toilette,L'Eau Papier ,Diptyque,2023,2020,"['Rice steam', 'White musk', 'Blond woods', 'Roasted sesame', 'Mimosa']","['Daily', 'Sport', 'Leisure', 'Night Out', 'Business', 'Evening']","[29, 7, 26, 6, 24, 8]",7.8,6.9,6.2,8.6,6.9,"['Winter', 'Fall', 'Summer', 'Spring']","[17, 26, 25, 32]","['Masculine', 'Feminine', 'Classic', 'Modern']","[24, 39, 16, 20]","['Synthetic', 'Sweet', 'Powdery', 'Woody', 'Fresh', 'Creamy', 'Floral']","[15, 8, 15, 19, 15, 22, 6]"
509,https://www.parfumo.com/Perfumes/Marc_Antoine_Barrois/tilia,Tilia  ,Marc-Antoine Barrois,2024,2020,"['Linden tree', 'Ambroxan', 'Heliotrope', 'Broom', 'Jasmine sambac', 'Woody notes', 'Vetiver']","['Daily', 'Sport', 'Leisure', 'Night Out', 'Business', 'Evening']","[22, 5, 25, 16, 19, 13]",8.0,8.7,8.2,8.1,7.3,"['Winter', 'Fall', 'Summer', 'Spring']","[8, 19, 35, 38]","['Masculine', 'Feminine', 'Classic', 'Modern']","[20, 41, 14, 26]","['Synthetic', 'Sweet', 'Woody', 'Green', 'Fresh', 'Creamy', 'Floral']","[15, 13, 6, 5, 22, 9, 30]"
510,https://www.parfumo.com/Perfumes/Chanel/le-lion-de-chanel,Le Lion de Chanel  ,Chanel,2020,2020,"['Bergamot', 'Lemon', 'Labdanum', 'Bourbon vanilla', 'Patchouli', 'Sandalwood']","['Daily', 'Leisure', 'Night Out', 'Business', 'Evening']","[10, 17, 30, 10, 32]",8.2,8.7,8.3,8.4,7.0,"['Winter', 'Fall', 'Summer', 'Spring']","[38, 39, 6, 17]","['Masculine', 'Feminine', 'Classic', 'Modern']","[37, 30, 25, 8]","['Citrus', 'Spicy', 'Sweet', 'Smoky', 'Powdery', 'Oriental', 'Leathery', 'Woody', 'Resinous', 'Earthy', 'Animal']","[6, 12, 4, 15, 5, 10, 11, 9, 15, 6, 6]"
511,https://www.parfumo.com/Perfumes/Hugo_Boss/boss-bottled-elixir,Boss Bottled Elixir  ,Hugo Boss,2023,2020,"['Frankincense', 'Cardamom', 'Patchouli', 'Vetiver', 'Labdanum absolute', 'Cedarwood']","['Daily', 'Leisure', 'Night Out', 'Business', 'Evening']","[12, 19, 27, 13, 29]",7.9,8.3,7.9,7.3,7.6,"['Winter', 'Fall', 'Spring']","[41, 42, 18]","['Masculine', 'Classic', 'Modern']","[48, 31, 21]","['Spicy', 'Sweet', 'Smoky', 'Oriental', 'Woody', 'Resinous', 'Earthy']","[21, 11, 16, 12, 20, 15, 6]"
512,https://www.parfumo.com/Perfumes/Louis_Vuitton/on-the-beach,On the Beach  ,Louis Vuitton,2021,2020,"['Japanese yuzu', 'Tunisian neroli', 'Cypress', 'Pink pepper', 'Rosemary', 'Thyme', 'Clove']","['Daily', 'Sport', 'Leisure', 'Night Out', 'Business', 'Evening']","[24, 16, 27, 10, 16, 8]",8.0,6.6,6.4,8.9,5.5,"['Fall', 'Summer', 'Spring']","[6, 55, 39]","['Masculine', 'Feminine', 'Classic', 'Modern']","[38, 24, 13, 25]","['Citrus', 'Spicy', 'Sweet', 'Green', 'Fruity', 'Fresh', 'Floral', 'Aquatic']","[24, 10, 5, 7, 12, 25, 9, 7]"
513,https://www.parfumo.com/Perfumes/Maison_Francis_Kurkdjian/724,724 ,Maison Francis Kurkdjian,2022,2020,"['Aldehydes', 'Calabrian bergamot', 'Lily of the valley', 'Egyptian jasminum grandiflorum absolute', 'Sweet pea', 'Freesia', 'Mock-orange', 'White musk', 'Indian sandalwood']","['Daily', 'Sport', 'Leisure', 'Night Out', 'Business', 'Evening']","[27, 15, 26, 5, 24, 4]",7.4,7.0,6.6,8.1,5.9,"['Winter', 'Fall', 'Summer', 'Spring']","[7, 18, 36, 38]","['Masculine', 'Feminine', 'Classic', 'Modern']","[29, 36, 15, 20]","['Citrus', 'Synthetic', 'Fresh', 'Creamy', 'Floral', 'Aquatic']","[17, 14, 30, 10, 25, 5]"
514,https://www.parfumo.com/Perfumes/billie-eilish/eilish-eau-de-parfum,Eilish ,Billie Eilish,2021,2020,"['Candied blossoms', 'Mandarin orange', 'Red berries', 'Vanilla', 'Cocoa', 'Spices', 'Tonka bean', 'Musk', 'Woods']","['Daily', 'Leisure', 'Night Out', 'Business', 'Evening']","[21, 24, 21, 10, 24]",7.7,7.6,7.1,7.2,8.0,"['Winter', 'Fall', 'Summer', 'Spring']","[40, 38, 6, 15]","['Masculine', 'Feminine', 'Classic', 'Modern']","[6, 53, 8, 33]","['Spicy', 'Synthetic', 'Sweet', 'Powdery', 'Gourmand', 'Fruity', 'Creamy', 'Floral']","[5, 5, 29, 7, 27, 6, 16, 5]"
515,https://www.parfumo.com/Perfumes/mugler/alien-goddess-eau-de-parfum,Alien Goddess ,Mugler,2021,2020,"['Coconut', 'Italian bergamot', 'Jasminum grandiflorum', 'Heliotrope', 'Bourbon vanilla', 'Cashmere wood']","['Daily', 'Leisure', 'Night Out', 'Business', 'Evening']","[23, 28, 19, 14, 16]",7.2,7.1,6.9,8.2,6.9,"['Winter', 'Fall', 'Summer', 'Spring']","[12, 21, 35, 32]","['Feminine', 'Classic', 'Modern']","[56, 12, 32]","['Synthetic', 'Sweet', 'Gourmand', 'Fruity', 'Creamy', 'Floral']","[10, 28, 10, 10, 23, 19]"
516,https://www.parfumo.com/Perfumes/Creed/absolu-aventus,Absolu Aventus  ,Creed,2023,2020,"['Grapefruit', 'Blackcurrant', 'Bergamot', 'Ginger', 'Lemon', 'Pineapple', 'Pink pepper', 'Cardamom', 'Cinnamon', 'Patchouli', 'Ambroxan', 'Cashmere wood', 'Haitian vetiver', 'Musk', 'Labdanum', 'Oakmoss']","['Daily', 'Sport', 'Leisure', 'Night Out', 'Business', 'Evening']","[19, 6, 20, 19, 18, 19]",8.4,7.6,7.2,8.2,5.0,"['Winter', 'Fall', 'Summer', 'Spring']","[21, 29, 21, 30]","['Masculine', 'Feminine', 'Classic', 'Modern']","[47, 5, 24, 24]","['Citrus', 'Spicy', 'Sweet', 'Smoky', 'Woody', 'Fruity', 'Fresh']","[16, 15, 8, 9, 15, 19, 17]"
517,https://www.parfumo.com/Perfumes/Narciso_Rodriguez/for-her-musc-noir,For Her Musc Noir  ,Narciso Rodriguez,2021,2020,"['Plum', 'Musk', 'Heliotrope', 'Rose', 'White cedar', 'Suede']","['Daily', 'Leisure', 'Night Out', 'Business', 'Evening']","[24, 23, 15, 21, 17]",7.9,7.1,6.7,8.1,7.6,"['Winter', 'Fall', 'Summer', 'Spring']","[24, 32, 15, 29]","['Feminine', 'Classic', 'Modern']","[55, 20, 24]","['Sweet', 'Powdery', 'Leathery', 'Fruity', 'Creamy', 'Floral']","[19, 12, 14, 22, 12, 21]"
518,https://www.parfumo.com/Perfumes/Louis_Vuitton/city-of-stars,City of Stars  ,Louis Vuitton,2022,2020,"['Tiaré', 'Blood orange', 'Red mandarin orange', 'Bergamot', 'Lime', 'Musk', 'Lemon', 'Sandalwood']","['Daily', 'Sport', 'Leisure', 'Night Out', 'Business', 'Evening']","[23, 9, 26, 15, 15, 11]",7.8,7.2,6.9,9.0,5.9,"['Fall', 'Summer', 'Spring']","[11, 47, 42]","['Masculine', 'Feminine', 'Classic', 'Modern']","[25, 39, 10, 26]","['Citrus', 'Sweet', 'Fruity', 'Fresh', 'Creamy', 'Floral']","[21, 15, 12, 18, 15, 20]"
519,https://www.parfumo.com/Perfumes/Goldfield__Banks/bohemian-lime,Bohemian Lime  ,Goldfield & Banks,2020,2020,"['Finger lime', 'Italian bergamot', 'Atlas cedar', 'Australian sandalwood', 'Coriander seed', 'Haitian vetiver']","['Daily', 'Sport', 'Leisure', 'Night Out', 'Business', 'Evening']","[25, 16, 26, 7, 20, 5]",7.9,7.1,6.8,7.8,6.9,"['Fall', 'Summer', 'Spring']","[11, 48, 41]","['Masculine', 'Feminine', 'Classic', 'Modern']","[44, 17, 14, 24]","['Citrus', 'Spicy', 'Woody', 'Green', 'Fruity', 'Fresh']","[29, 10, 16, 14, 6, 26]"
520,https://www.parfumo.com/Perfumes/Tom_Ford/noir-extreme-parfum,Noir Extreme Parfum  ,Tom Ford,2022,2020,"['Indian cardamom Orpur®', 'Kahili ginger', 'Amber', 'Gaiac wood', 'Cedar', 'Venezuelan tonka bean absolute', 'Sandalwood']","['Daily', 'Leisure', 'Night Out', 'Business', 'Evening']","[8, 18, 33, 8, 33]",8.3,8.0,7.7,7.7,6.9,"['Winter', 'Fall', 'Spring']","[41, 41, 18]","['Masculine', 'Feminine', 'Classic', 'Modern']","[47, 11, 24, 18]","['Spicy', 'Sweet', 'Smoky', 'Oriental', 'Leathery', 'Woody', 'Gourmand', 'Creamy']","[21, 18, 6, 15, 5, 17, 12, 6]"
521,https://www.parfumo.com/Perfumes/Roberto_Ugolini/giardino-di-boboli,Giardino di Boboli  ,Roberto Ugolini,2023,2020,"['Apple', 'Geranium', 'Green notes', 'Mint', 'Rose', 'Jasmine', 'Cedarwood', 'Iris', 'Ozonic notes', 'Musk', 'Amber', 'Powdery notes', 'Woody notes']","['Daily', 'Sport', 'Leisure', 'Night Out', 'Business', 'Evening']","[25, 10, 27, 11, 19, 9]",7.8,8.6,8.2,7.8,7.2,"['Winter', 'Fall', 'Summer', 'Spring']","[5, 15, 39, 41]","['Masculine', 'Feminine', 'Classic', 'Modern']","[36, 23, 15, 25]","['Synthetic', 'Sweet', 'Powdery', 'Green', 'Fruity', 'Fresh', 'Floral']","[8, 6, 6, 22, 15, 22, 20]"
522,https://www.parfumo.com/Perfumes/Xerjoff/naxos,Naxos  ,XerJoff,2015,2010,"['Lavender', 'Bergamot', 'Lemon', 'Honey', 'Cashmere', 'Cinnamon', 'Jasmine sambac', 'Tobacco', 'Tonka bean', 'Vanilla']","['Daily', 'Leisure', 'Night Out', 'Business', 'Evening']","[14, 19, 29, 9, 29]",8.9,8.8,8.6,9.2,7.6,"['Winter', 'Fall', 'Summer', 'Spring']","[31, 33, 12, 24]","['Masculine', 'Feminine', 'Classic', 'Modern']","[42, 19, 17, 23]","['Citrus', 'Spicy', 'Sweet', 'Oriental', 'Woody', 'Gourmand', 'Creamy']","[12, 18, 28, 6, 5, 16, 14]"
523,https://www.parfumo.com/Perfumes/Creed/aventus,Aventus  ,Creed,2010,2010,"['Apple', 'Bergamot', 'Blackcurrant', 'Lemon', 'Pink pepper', 'Pineapple', 'Indonesian patchouli', 'Jasmine', 'Birch', 'Cedarwood', 'Musk', 'Oakmoss', 'Ambergris']","['Daily', 'Sport', 'Leisure', 'Night Out', 'Business', 'Evening']","[21, 8, 20, 17, 18, 16]",8.4,7.3,7.3,7.7,5.4,"['Winter', 'Fall', 'Summer', 'Spring']","[14, 24, 30, 32]","['Masculine', 'Classic', 'Modern']","[50, 22, 28]","['Citrus', 'Spicy', 'Sweet', 'Smoky', 'Woody', 'Fruity', 'Fresh']","[16, 8, 5, 13, 14, 21, 22]"
524,https://www.parfumo.com/Perfumes/Dior/Dior_Homme_Intense_2011,Dior Homme Intense  ,Dior,2011,2010,"['Florentine iris absolute', 'Ecuadorian ambrette seed', 'Virginia cedar']","['Daily', 'Leisure', 'Night Out', 'Business', 'Evening']","[11, 14, 31, 11, 32]",8.5,8.3,8.0,8.3,8.1,"['Winter', 'Fall', 'Summer', 'Spring']","[38, 38, 5, 18]","['Masculine', 'Feminine', 'Classic', 'Modern']","[47, 11, 24, 18]","['Spicy', 'Sweet', 'Powdery', 'Oriental', 'Leathery', 'Woody', 'Gourmand', 'Creamy', 'Floral']","[10, 21, 24, 5, 4, 14, 8, 8, 6]"
525,https://www.parfumo.com/Perfumes/Parfums_de_Marly/Layton,Layton  ,Parfums de Marly,2016,2010,"['Apple', 'Lavender', 'Bergamot', 'Mandarin orange', 'Geranium', 'Jasmine', 'Violet', 'Vanilla', 'Cardamom', 'Gaiac wood', 'Sandalwood', 'Patchouli', 'Pink pepper']","['Daily', 'Leisure', 'Night Out', 'Business', 'Evening']","[17, 19, 26, 12, 26]",8.6,8.3,8.1,8.5,7.2,"['Winter', 'Fall', 'Summer', 'Spring']","[31, 34, 10, 25]","['Masculine', 'Feminine', 'Classic', 'Modern']","[49, 6, 16, 30]","['Spicy', 'Sweet', 'Oriental', 'Woody', 'Gourmand', 'Fruity', 'Fresh', 'Creamy']","[20, 25, 8, 12, 6, 16, 7, 6]"
526,https://www.parfumo.com/Perfumes/Prada/L_Homme,L'Homme  ,Prada,2016,2010,"['Iris', 'Amber', 'Neroli', 'Violet', 'Cedar', 'Geranium', 'Patchouli', 'Pepper']","['Daily', 'Sport', 'Leisure', 'Night Out', 'Business', 'Evening']","[25, 9, 21, 10, 26, 9]",8.4,7.4,7.1,8.2,8.2,"['Winter', 'Fall', 'Summer', 'Spring']","[17, 25, 28, 31]","['Masculine', 'Feminine', 'Classic', 'Modern']","[46, 8, 19, 28]","['Sweet', 'Powdery', 'Woody', 'Fresh', 'Creamy', 'Floral']","[13, 28, 5, 27, 12, 16]"
527,https://www.parfumo.com/Perfumes/Dior/Sauvage_Eau_de_Toilette,Sauvage ,Dior,2015,2010,"['Ambrox', 'Sichuan pepper', 'Calabrian bergamot', 'Pink pepper', 'Provençal lavender', 'Elemi resin', 'Geranium', 'Patchouli', 'Vetiver']","['Daily', 'Sport', 'Leisure', 'Night Out', 'Business', 'Evening']","[22, 10, 21, 15, 18, 15]",7.5,7.9,7.8,7.8,7.5,"['Winter', 'Fall', 'Summer', 'Spring']","[17, 26, 27, 30]","['Masculine', 'Classic', 'Modern']","[49, 15, 36]","['Citrus', 'Spicy', 'Synthetic', 'Sweet', 'Woody', 'Fresh', 'Aquatic']","[14, 21, 17, 6, 10, 26, 7]"
528,https://www.parfumo.com/Perfumes/Xerjoff/Erba_Pura,Erba Pura  ,XerJoff,2013,2010,"['Calabrian bergamot', 'Sicilian lemon', 'Sicilian orange', 'Fruity notes', 'White musk', 'Amber', 'Bourbon vanilla']","['Daily', 'Leisure', 'Night Out', 'Business', 'Evening']","[17, 28, 27, 8, 21]",7.6,9.0,8.8,8.8,7.1,"['Winter', 'Fall', 'Summer', 'Spring']","[12, 19, 34, 35]","['Masculine', 'Feminine', 'Classic', 'Modern']","[30, 34, 7, 29]","['Citrus', 'Synthetic', 'Sweet', 'Fruity', 'Fresh', 'Creamy', 'Floral']","[8, 11, 26, 29, 12, 6, 8]"
529,https://www.parfumo.com/Perfumes/Viktor_Rolf/Spicebomb_Extreme,Spicebomb Extreme  ,Viktor & Rolf,2015,2010,"['Black pepper', 'Pimento', 'Grapefruit', 'Cinnamon', 'Cumin', 'Saffron', 'Vanilla', 'Tobacco', 'Amber', 'Cistus']","['Daily', 'Leisure', 'Night Out', 'Business', 'Evening']","[10, 17, 33, 6, 34]",8.4,8.5,8.3,8.2,8.4,"['Winter', 'Fall', 'Spring']","[51, 41, 7]","['Masculine', 'Feminine', 'Classic', 'Modern']","[51, 5, 15, 29]","['Spicy', 'Sweet', 'Oriental', 'Woody', 'Gourmand']","[33, 28, 16, 11, 12]"
530,https://www.parfumo.com/Perfumes/Xerjoff/alexandria-ii-parfum,Alexandria II ,XerJoff,2012,2010,"['Lavender', 'Rosewood', 'Apple', 'Cinnamon', 'Bulgarian rose', 'Cedarwood', 'Lily of the valley', 'Laotian oud', 'Amber', 'Sandalwood', 'Musk', 'Vanilla']","['Daily', 'Leisure', 'Night Out', 'Business', 'Evening']","[7, 13, 35, 7, 38]",8.7,9.2,8.8,9.3,6.8,"['Winter', 'Fall', 'Summer', 'Spring']","[37, 38, 6, 19]","['Masculine', 'Feminine', 'Classic', 'Modern']","[43, 17, 26, 14]","['Spicy', 'Sweet', 'Oriental', 'Woody', 'Resinous', 'Creamy', 'Floral', 'Animal']","[19, 12, 22, 23, 6, 5, 8, 5]"
531,https://www.parfumo.com/Perfumes/Maison_Francis_Kurkdjian/Grand_Soir,Grand Soir  ,Maison Francis Kurkdjian,2016,2010,"['Benzoin Siam', 'Vanilla', 'Spanish labdanum', 'Brazilian tonka bean', 'Lavender', 'Venezuelan tonka bean']","['Daily', 'Leisure', 'Night Out', 'Business', 'Evening']","[7, 14, 36, 6, 38]",8.5,8.8,8.3,8.6,7.5,"['Winter', 'Fall', 'Summer', 'Spring']","[41, 40, 5, 14]","['Masculine', 'Feminine', 'Classic', 'Modern']","[39, 26, 22, 13]","['Spicy', 'Sweet', 'Oriental', 'Woody', 'Resinous', 'Gourmand', 'Creamy']","[16, 23, 13, 7, 21, 12, 8]"
532,https://www.parfumo.com/Perfumes/Parfums_de_Marly/Royal_Essence_Herod,Herod  ,Parfums de Marly,2012,2010,"['Cinnamon', 'Pepperwood™', 'Tobacco', 'Osmanthus', 'Cistus', 'Frankincense', 'Vanilla', 'Cedarwood', 'Musk', 'Cypriol', 'Patchouli', 'Vetiver']","['Daily', 'Leisure', 'Night Out', 'Business', 'Evening']","[10, 17, 31, 9, 32]",8.6,8.0,7.6,8.5,7.0,"['Winter', 'Fall', 'Spring']","[44, 42, 14]","['Masculine', 'Feminine', 'Classic', 'Modern']","[47, 13, 20, 20]","['Spicy', 'Sweet', 'Smoky', 'Oriental', 'Woody', 'Gourmand', 'Fruity', 'Creamy']","[21, 23, 10, 13, 11, 12, 5, 5]"
533,https://www.parfumo.com/Perfumes/Giorgio_Armani/Acqua_di_Gio_Profumo,Acqua di Giò Profumo ,Giorgio Armani,2015,2010,"['Aquatic notes', 'Bergamot', 'Spicy notes', 'Rosemary', 'Sage', 'Geranium', 'Frankincense', 'Patchouli']","['Daily', 'Sport', 'Leisure', 'Night Out', 'Business', 'Evening']","[22, 10, 20, 14, 20, 14]",8.2,7.7,7.4,7.8,7.7,"['Winter', 'Fall', 'Summer', 'Spring']","[12, 23, 32, 32]","['Masculine', 'Classic', 'Modern']","[51, 26, 24]","['Citrus', 'Spicy', 'Smoky', 'Woody', 'Fresh', 'Aquatic']","[13, 17, 8, 9, 26, 26]"
534,https://www.parfumo.com/Perfumes/Maison_Francis_Kurkdjian/Baccarat_Rouge_540_Eau_de_Parfum,Baccarat Rouge 540 ,Maison Francis Kurkdjian,2016,2010,"['Saffron', 'Ambroxan', 'Hedione', 'Virginia cedar']","['Daily', 'Leisure', 'Night Out', 'Business', 'Evening']","[13, 18, 30, 9, 30]",7.8,8.8,8.5,8.4,6.5,"['Winter', 'Fall', 'Summer', 'Spring']","[32, 33, 12, 23]","['Masculine', 'Feminine', 'Classic', 'Modern']","[27, 38, 16, 19]","['Spicy', 'Synthetic', 'Sweet', 'Oriental', 'Woody', 'Gourmand', 'Fruity', 'Creamy', 'Floral']","[12, 12, 28, 6, 15, 8, 5, 5, 9]"
535,https://www.parfumo.com/Perfumes/Louis_Vuitton/Ombre_Nomade,Ombre Nomade  ,Louis Vuitton,2018,2010,"['Oud', 'Frankincense', 'Raspberry', 'Benzoin']","['Daily', 'Leisure', 'Night Out', 'Business', 'Evening']","[6, 14, 37, 5, 38]",8.2,9.5,9.3,8.6,6.4,"['Winter', 'Fall', 'Summer', 'Spring']","[42, 40, 5, 13]","['Masculine', 'Feminine', 'Classic', 'Modern']","[52, 7, 24, 17]","['Spicy', 'Sweet', 'Smoky', 'Oriental', 'Leathery', 'Woody', 'Resinous', 'Fruity', 'Animal']","[11, 6, 16, 15, 15, 18, 5, 7, 7]"
536,https://www.parfumo.com/Perfumes/Chanel/Bleu_de_Chanel_Eau_de_Parfum,Bleu de Chanel ,Chanel,2014,2010,"['Sicilian lemon', 'Mandarin orange', 'New Caledonian sandalwood', 'Woody notes', 'Cedar', 'Venezuelan tonka bean', 'Haitian vetiver', 'Vanilla']","['Daily', 'Sport', 'Leisure', 'Night Out', 'Business', 'Evening']","[22, 8, 20, 14, 21, 15]",8.2,7.4,7.1,8.0,7.3,"['Winter', 'Fall', 'Summer', 'Spring']","[16, 26, 28, 30]","['Masculine', 'Classic', 'Modern']","[49, 23, 28]","['Citrus', 'Spicy', 'Synthetic', 'Sweet', 'Woody', 'Fruity', 'Fresh', 'Aquatic']","[22, 10, 5, 5, 19, 6, 24, 9]"
537,https://www.parfumo.com/Perfumes/Xerjoff/Accento,Accento  ,XerJoff,2011,2010,"['Pineapple', 'Hyacinth', 'Iris', 'Jasmine', 'Pink pepper', 'Musk', 'Amber', 'Patchouli', 'Vanilla', 'Vetiver']","['Daily', 'Sport', 'Leisure', 'Night Out', 'Business', 'Evening']","[22, 5, 23, 19, 15, 16]",8.2,8.2,8.0,8.9,7.1,"['Winter', 'Fall', 'Summer', 'Spring']","[11, 22, 32, 35]","['Masculine', 'Feminine', 'Classic', 'Modern']","[40, 23, 11, 25]","['Citrus', 'Sweet', 'Powdery', 'Fruity', 'Fresh', 'Creamy', 'Floral']","[9, 16, 7, 23, 19, 5, 21]"
538,https://www.parfumo.com/Perfumes/Xerjoff/40-knots,40 Knots  ,XerJoff,2012,2010,"['Honey', 'Seawater', 'Woody notes', 'Sea breeze']","['Daily', 'Sport', 'Leisure', 'Night Out', 'Business', 'Evening']","[21, 4, 22, 19, 14, 19]",8.5,8.3,8.0,9.2,7.2,"['Winter', 'Fall', 'Summer', 'Spring']","[13, 25, 30, 31]","['Masculine', 'Feminine', 'Classic', 'Modern']","[45, 15, 17, 23]","['Spicy', 'Sweet', 'Woody', 'Fresh', 'Creamy', 'Aquatic']","[15, 20, 20, 17, 6, 22]"
539,https://www.parfumo.com/Perfumes/Versace/Eros_Eau_de_Toilette,Eros ,Versace,2012,2010,"['Green apple', 'Mint', 'Italian lemon', 'Venezuelan tonka bean', 'Ambroxan', 'Geranium', 'Bourbon vanilla', 'Atlas cedar', 'Virginia cedar', 'Oakmoss', 'Vetiver']","['Daily', 'Sport', 'Leisure', 'Night Out', 'Business', 'Evening']","[14, 5, 22, 28, 7, 24]",7.5,7.6,7.6,8.1,7.9,"['Winter', 'Fall', 'Summer', 'Spring']","[21, 27, 23, 29]","['Masculine', 'Classic', 'Modern']","[49, 5, 46]","['Citrus', 'Spicy', 'Synthetic', 'Sweet', 'Fruity', 'Fresh']","[13, 7, 16, 27, 15, 21]"
558,https://www.parfumo.com/Perfumes/Prada/Luna_Rossa_Black,Luna Rossa Black  ,Prada,2018,2010,"['Angelica', 'Bergamot', 'Coumarin', 'Patchouli', 'Amber']","['Daily', 'Leisure', 'Night Out', 'Business', 'Evening']","[18, 19, 22, 17, 24]",8.2,7.4,7.1,7.5,7.8,"['Winter', 'Fall', 'Summer', 'Spring']","[32, 36, 8, 24]","['Masculine', 'Feminine', 'Classic', 'Modern']","[47, 10, 16, 27]","['Spicy', 'Synthetic', 'Sweet', 'Powdery', 'Woody', 'Creamy']","[20, 6, 25, 24, 11, 14]"
540,https://www.parfumo.com/Perfumes/Dolce_Gabbana/The_One_for_Men_Eau_de_Parfum,The One for Men ,Dolce & Gabbana,2015,2010,"['Grapefruit', 'Basil', 'Coriander', 'Orange blossom', 'Cardamom', 'Ginger', 'Amber', 'Tobacco', 'Cedar']","['Daily', 'Leisure', 'Night Out', 'Business', 'Evening']","[13, 15, 29, 11, 31]",8.4,6.4,6.3,7.8,7.4,"['Winter', 'Fall', 'Summer', 'Spring']","[31, 35, 10, 24]","['Masculine', 'Classic', 'Modern']","[52, 19, 29]","['Spicy', 'Sweet', 'Oriental', 'Woody', 'Fruity']","[28, 28, 14, 22, 8]"
541,https://www.parfumo.com/Perfumes/Versace/Versace_pour_Homme_Dylan_Blue_Eau_de_Toilette,Versace pour Homme Dylan Blue ,Versace,2016,2010,"['Aquatic notes', 'Calabrian bergamot', 'Grapefruit', 'Fig leaf', 'Ambrox', 'Black pepper', 'Papyrus', 'Patchouli', 'Violet leaf', 'Frankincense', 'Musk', 'Tonka bean', 'Saffron']","['Daily', 'Sport', 'Leisure', 'Night Out', 'Business', 'Evening']","[23, 13, 22, 12, 18, 12]",7.7,7.3,7.1,7.8,8.2,"['Winter', 'Fall', 'Summer', 'Spring']","[12, 23, 32, 33]","['Masculine', 'Classic', 'Modern']","[48, 13, 39]","['Citrus', 'Spicy', 'Synthetic', 'Sweet', 'Woody', 'Fruity', 'Fresh', 'Aquatic']","[14, 11, 12, 7, 6, 5, 24, 21]"
542,https://www.parfumo.com/Perfumes/Chanel/Allure_Homme_Sport_Eau_Extrme,Allure Homme Sport Eau Extrême  ,Chanel,2012,2010,"['Mandarin orange', 'Mint', 'Cypress', 'Black pepper', 'Clary sage', 'Tonka bean', 'White musk', 'Sandalwood', 'Cedar']","['Daily', 'Sport', 'Leisure', 'Night Out', 'Business', 'Evening']","[22, 14, 22, 13, 18, 12]",8.3,7.5,7.3,7.4,7.2,"['Winter', 'Fall', 'Summer', 'Spring']","[15, 25, 28, 32]","['Masculine', 'Classic', 'Modern']","[49, 16, 35]","['Citrus', 'Spicy', 'Sweet', 'Powdery', 'Woody', 'Fruity', 'Fresh', 'Creamy', 'Aquatic']","[15, 11, 17, 5, 7, 7, 23, 10, 5]"
543,https://www.parfumo.com/Perfumes/Tom_Ford/noir-extreme-eau-de-parfum,Noir Extreme ,Tom Ford,2015,2010,"['Cardamom', 'Mandarin orange', 'Nutmeg', 'Saffron', 'Neroli', 'Kulfi', 'Mastic', 'Orange blossom', 'Jasmine', 'Rose', 'Vanilla', 'Amber', 'Sandalwood']","['Daily', 'Leisure', 'Night Out', 'Business', 'Evening']","[9, 16, 33, 8, 34]",8.5,7.8,7.5,7.6,7.3,"['Winter', 'Fall', 'Summer', 'Spring']","[41, 40, 4, 15]","['Masculine', 'Feminine', 'Classic', 'Modern']","[44, 16, 19, 22]","['Spicy', 'Sweet', 'Powdery', 'Oriental', 'Woody', 'Gourmand', 'Creamy']","[18, 24, 5, 15, 8, 20, 10]"
544,https://www.parfumo.com/Perfumes/Initio/Side_Effect,Side Effect  ,Initio,2016,2010,"['Rum', 'Vanilla', 'Cinnamon', 'Hedione', 'Saffron', 'Tobacco', 'Sandalwood']","['Daily', 'Leisure', 'Night Out', 'Business', 'Evening']","[6, 16, 36, 5, 36]",8.6,8.4,8.2,8.5,7.1,"['Winter', 'Fall', 'Summer', 'Spring']","[41, 40, 5, 15]","['Masculine', 'Feminine', 'Classic', 'Modern']","[40, 24, 14, 21]","['Spicy', 'Sweet', 'Smoky', 'Oriental', 'Woody', 'Gourmand', 'Creamy']","[23, 27, 5, 14, 11, 13, 7]"
545,https://www.parfumo.com/Perfumes/Giorgio_Armani/emporio-armani-stronger-with-you-intensely,Emporio Armani - Stronger with You Intensely  ,Giorgio Armani,2018,2010,"['Juniper', 'Pink pepper', 'Violet leaf', 'Toffee', 'Cinnamon', 'Lavender', 'Sage', 'Amberwood', 'Vanilla', 'Suede']","['Daily', 'Leisure', 'Night Out', 'Business', 'Evening']","[10, 16, 34, 5, 35]",8.3,8.4,8.2,7.4,8.3,"['Winter', 'Fall', 'Spring']","[47, 43, 10]","['Masculine', 'Feminine', 'Classic', 'Modern']","[48, 8, 12, 33]","['Spicy', 'Sweet', 'Oriental', 'Woody', 'Gourmand', 'Creamy']","[20, 31, 10, 9, 23, 8]"
546,https://www.parfumo.com/Perfumes/Maison_Margiela/by-the-fireplace,By the Fireplace  ,Maison Margiela,2015,2010,"['Clove', 'Pink pepper', 'Orange blossom absolute', 'Gaiac wood', 'Chestnut', 'Cade juniper', 'Vanilla', 'Cashmeran', 'Peru balsam']","['Daily', 'Leisure', 'Night Out', 'Business', 'Evening']","[10, 24, 26, 5, 35]",7.9,7.9,7.5,7.9,7.6,"['Winter', 'Fall', 'Spring']","[48, 43, 9]","['Masculine', 'Feminine', 'Classic', 'Modern']","[39, 28, 16, 17]","['Spicy', 'Sweet', 'Smoky', 'Woody', 'Resinous', 'Gourmand']","[16, 22, 27, 19, 5, 11]"
547,https://www.parfumo.com/Perfumes/Tom_Ford/Lost_Cherry,Lost Cherry ,Tom Ford,2018,2010,"['Black cherry', 'Bitter almond', 'Cherry liqueur', 'Griotte syrup', 'Jasmine sambac', 'Turkish rose', 'Roasted tonka bean', 'Peru balsam', 'Cedar', 'Sandalwood', 'Vetiver']","['Daily', 'Leisure', 'Night Out', 'Business', 'Evening']","[13, 21, 30, 8, 29]",8.3,6.9,7.0,8.1,5.3,"['Winter', 'Fall', 'Summer', 'Spring']","[30, 33, 14, 24]","['Masculine', 'Feminine', 'Classic', 'Modern']","[25, 39, 13, 23]","['Spicy', 'Sweet', 'Gourmand', 'Fruity', 'Creamy', 'Floral']","[7, 29, 20, 29, 9, 5]"
548,https://www.parfumo.com/Perfumes/Jean_Paul_Gaultier/Ultra_Male,Ultra Mâle  ,Jean Paul Gaultier,2015,2010,"['Pear', 'Lavender', 'Bergamot', 'Mint', 'Cinnamon', 'Clary sage', 'Cumin', 'Vanilla', 'Amber', 'Woods']","['Daily', 'Leisure', 'Night Out', 'Business', 'Evening']","[8, 19, 37, 4, 32]",7.9,8.3,8.2,8.0,8.1,"['Winter', 'Fall', 'Summer', 'Spring']","[33, 34, 10, 23]","['Masculine', 'Feminine', 'Classic', 'Modern']","[47, 8, 4, 41]","['Spicy', 'Synthetic', 'Sweet', 'Oriental', 'Gourmand', 'Fruity']","[11, 14, 34, 6, 10, 24]"
549,https://www.parfumo.com/Perfumes/Tom_Ford/Fucking_Fabulous,Fucking Fabulous ,Tom Ford,2017,2010,"['Bitter almond', 'Tonka bean', 'Lavender', 'Clary sage', 'Iris', 'Leather', 'Amber', 'Blond woods', 'Vanilla']","['Daily', 'Leisure', 'Night Out', 'Business', 'Evening']","[13, 19, 27, 12, 28]",8.0,7.7,7.5,8.1,5.6,"['Winter', 'Fall', 'Summer', 'Spring']","[30, 34, 12, 25]","['Masculine', 'Feminine', 'Classic', 'Modern']","[44, 18, 15, 23]","['Spicy', 'Sweet', 'Powdery', 'Leathery', 'Woody', 'Gourmand', 'Creamy', 'Floral']","[18, 22, 8, 16, 11, 7, 13, 5]"
550,https://www.parfumo.com/Perfumes/Yves_Saint_Laurent/Y_Eau_de_Parfum,Y ,Yves Saint Laurent,2018,2010,"['Apple', 'Aldehydes', 'Bergamot', 'Elemi resin', 'Ginger', 'Juniper berry', 'Lavender', 'Sage', 'Geranium absolute', 'Operanide®', 'Vetiver', 'Frankincense', 'Tonka bean']","['Daily', 'Sport', 'Leisure', 'Night Out', 'Business', 'Evening']","[23, 10, 22, 13, 18, 13]",7.5,7.7,7.5,7.6,7.5,"['Winter', 'Fall', 'Summer', 'Spring']","[15, 25, 27, 33]","['Masculine', 'Classic', 'Modern']","[48, 11, 41]","['Citrus', 'Spicy', 'Synthetic', 'Sweet', 'Woody', 'Fruity', 'Fresh', 'Aquatic']","[8, 7, 17, 19, 6, 13, 22, 8]"
551,https://www.parfumo.com/Perfumes/Tom_Ford/ombre-leather-2018-eau-de-parfum,Ombré Leather ,Tom Ford,2018,2010,"['Cardamom', 'Jasmine sambac', 'Saffron', 'Black leather', 'Patchouli', 'Vetiver', 'Amber', 'White moss']","['Daily', 'Leisure', 'Night Out', 'Business', 'Evening']","[12, 19, 29, 12, 29]",8.3,8.4,8.0,7.8,7.4,"['Winter', 'Fall', 'Summer', 'Spring']","[36, 38, 6, 20]","['Masculine', 'Feminine', 'Classic', 'Modern']","[47, 10, 25, 18]","['Spicy', 'Sweet', 'Smoky', 'Leathery', 'Woody', 'Floral']","[20, 15, 11, 35, 12, 7]"
552,https://www.parfumo.com/Perfumes/Guerlain/L_Homme_Ideal_Eau_de_Parfum,L'Homme Idéal ,Guerlain,2016,2010,"['Almond', 'Spices', 'Bergamot', 'Vanilla', 'Bulgarian rose', 'Frankincense', 'Tonka bean', 'Leathery notes', 'Sandalwood']","['Daily', 'Leisure', 'Night Out', 'Business', 'Evening']","[15, 19, 26, 13, 27]",8.4,7.7,7.3,7.9,8.1,"['Winter', 'Fall', 'Summer', 'Spring']","[35, 37, 7, 21]","['Masculine', 'Feminine', 'Classic', 'Modern']","[46, 11, 20, 23]","['Spicy', 'Sweet', 'Powdery', 'Leathery', 'Woody', 'Gourmand', 'Fruity', 'Creamy']","[15, 23, 5, 10, 8, 19, 11, 7]"
553,https://www.parfumo.com/Perfumes/Maison_Francis_Kurkdjian/Oud_Satin_Mood_Eau_de_Parfum,Oud Satin Mood ,Maison Francis Kurkdjian,2015,2010,"['Bulgarian damask rose', 'Turkish damask rose absolute', 'Vanilla', 'Benzoin Siam', 'Amber', 'Laotian oud', 'Violet']","['Daily', 'Leisure', 'Night Out', 'Business', 'Evening']","[6, 15, 36, 6, 37]",8.2,9.2,8.9,8.6,7.2,"['Winter', 'Fall', 'Summer', 'Spring']","[38, 37, 6, 19]","['Masculine', 'Feminine', 'Classic', 'Modern']","[30, 36, 21, 13]","['Spicy', 'Sweet', 'Powdery', 'Oriental', 'Woody', 'Creamy', 'Floral']","[8, 24, 10, 17, 12, 7, 24]"
554,https://www.parfumo.com/Perfumes/Montale/arabians-tonka,Arabians Tonka  ,Montale,2019,2010,"['Saffron', 'Bergamot', 'Bulgarian rose', 'Nepalese oud', 'Leather', 'Tonka bean', 'Cane sugar', 'Amber', 'White musk', 'Oakmoss']","['Daily', 'Leisure', 'Night Out', 'Evening']","[7, 17, 38, 39]",8.0,9.4,9.2,6.9,8.3,"['Winter', 'Fall', 'Spring']","[46, 41, 12]","['Masculine', 'Feminine', 'Classic', 'Modern']","[41, 21, 14, 23]","['Spicy', 'Synthetic', 'Sweet', 'Oriental', 'Leathery', 'Woody', 'Gourmand']","[18, 8, 23, 24, 5, 11, 10]"
555,https://www.parfumo.com/Perfumes/Montblanc/Explorer,Explorer  ,Montblanc,2019,2010,"['Italian bergamot', 'Pink pepper', 'Sage', 'Haitian vetiver', 'Leather', 'Ambroxan', 'Akigalawood®', 'Indonesian patchouli', 'Cocoa']","['Daily', 'Sport', 'Leisure', 'Night Out', 'Business', 'Evening']","[25, 12, 21, 10, 21, 11]",7.8,7.0,6.9,7.6,8.4,"['Winter', 'Fall', 'Summer', 'Spring']","[12, 25, 30, 33]","['Masculine', 'Classic', 'Modern']","[50, 19, 31]","['Citrus', 'Spicy', 'Synthetic', 'Smoky', 'Leathery', 'Woody', 'Fruity', 'Fresh']","[19, 9, 10, 6, 5, 14, 13, 23]"
556,https://www.parfumo.com/Perfumes/Parfums_de_Marly/Pegasus,Pegasus  ,Parfums de Marly,2011,2010,"['Heliotrope', 'Bergamot', 'Cypress', 'Bitter almond', 'Jasmine', 'Lavender', 'Vanilla', 'Amber', 'Sandalwood']","['Daily', 'Leisure', 'Night Out', 'Business', 'Evening']","[17, 21, 24, 14, 24]",8.0,8.2,7.8,8.7,6.8,"['Winter', 'Fall', 'Summer', 'Spring']","[32, 34, 9, 25]","['Masculine', 'Feminine', 'Classic', 'Modern']","[46, 14, 16, 24]","['Spicy', 'Sweet', 'Powdery', 'Woody', 'Gourmand', 'Fresh', 'Creamy', 'Floral']","[16, 24, 8, 9, 11, 7, 17, 7]"
557,https://www.parfumo.com/Perfumes/Nishane/Ani,Ani ,Nishane,2019,2010,"['Bergamot', 'Green notes', 'Blue ginger', 'Pink pepper', 'Cardamom', 'Blackcurrant', 'Turkish rose', 'Vanilla', 'Benzoin', 'Patchouli', 'Sandalwood', 'Ambergris', 'Cedarwood', 'Musk']","['Daily', 'Leisure', 'Night Out', 'Business', 'Evening']","[15, 20, 27, 11, 27]",8.3,8.7,8.2,8.0,7.2,"['Winter', 'Fall', 'Summer', 'Spring']","[33, 35, 9, 23]","['Masculine', 'Feminine', 'Classic', 'Modern']","[34, 32, 16, 18]","['Citrus', 'Spicy', 'Sweet', 'Oriental', 'Woody', 'Green', 'Gourmand', 'Creamy']","[11, 19, 22, 7, 6, 8, 13, 13]"
559,https://www.parfumo.com/Perfumes/Nishane/Hacivat,Hacivat  ,Nishane,2017,2010,"['Pineapple', 'Grapefruit', 'Bergamot', 'Cedarwood', 'Patchouli', 'Jasmine', 'Oakmoss', 'Clearwood™', 'Dry woods']","['Daily', 'Sport', 'Leisure', 'Night Out', 'Business', 'Evening']","[23, 7, 23, 15, 17, 14]",8.2,8.6,8.3,8.0,7.1,"['Winter', 'Fall', 'Summer', 'Spring']","[10, 22, 33, 34]","['Masculine', 'Feminine', 'Classic', 'Modern']","[46, 8, 20, 26]","['Citrus', 'Spicy', 'Sweet', 'Woody', 'Green', 'Fruity', 'Fresh', 'Earthy']","[18, 7, 5, 16, 9, 19, 19, 5]"
560,https://www.parfumo.com/Perfumes/Maison_Francis_Kurkdjian/Baccarat_Rouge_540_Extrait_de_Parfum,Baccarat Rouge 540 ,Maison Francis Kurkdjian,2017,2010,"['Saffron', 'Moroccan bitter almond', 'Ambroxan', 'Cashmeran', 'Egyptian jasminum grandiflorum', 'Virginia cedar']","['Daily', 'Leisure', 'Night Out', 'Business', 'Evening']","[11, 17, 32, 7, 32]",8.3,9.0,8.6,8.6,6.4,"['Winter', 'Fall', 'Summer', 'Spring']","[32, 33, 12, 24]","['Masculine', 'Feminine', 'Classic', 'Modern']","[30, 36, 14, 19]","['Spicy', 'Synthetic', 'Sweet', 'Oriental', 'Woody', 'Gourmand', 'Fruity', 'Creamy', 'Floral']","[11, 7, 27, 7, 12, 10, 5, 8, 13]"
561,https://www.parfumo.com/Perfumes/Tiziana_Terenzi/kirke-extrait-de-parfum,Kirkè ,Tiziana Terenzi,2015,2010,"['Peach', 'Pear', 'Passion fruit', 'Blackcurrant', 'Raspberry', 'Sand', 'Lily of the valley', 'Musk', 'Heliotrope', 'Vanilla', 'Patchouli', 'Sandalwood']","['Daily', 'Leisure', 'Night Out', 'Business', 'Evening']","[17, 26, 26, 9, 22]",7.7,8.6,8.4,7.8,7.5,"['Winter', 'Fall', 'Summer', 'Spring']","[13, 23, 30, 34]","['Masculine', 'Feminine', 'Classic', 'Modern']","[28, 36, 9, 27]","['Synthetic', 'Sweet', 'Fruity', 'Fresh', 'Creamy', 'Floral']","[12, 27, 31, 12, 6, 12]"
562,https://www.parfumo.com/Perfumes/Initio/oud-for-greatness-eau-de-parfum,Oud for Greatness ,Initio,2018,2010,"['Saffron', 'Nutmeg', 'Oud', 'Musk', 'Patchouli', 'Lavender']","['Daily', 'Leisure', 'Night Out', 'Business', 'Evening']","[7, 18, 33, 7, 35]",8.3,8.9,8.6,8.8,6.8,"['Winter', 'Fall', 'Spring']","[41, 42, 17]","['Masculine', 'Feminine', 'Classic', 'Modern']","[47, 11, 24, 18]","['Spicy', 'Sweet', 'Smoky', 'Oriental', 'Woody', 'Resinous']","[23, 14, 11, 21, 25, 6]"
563,https://www.parfumo.com/Perfumes/Nishane/Wlng_Cha,Wūlóng Chá ,Nishane,2014,2010,"['Bergamot', 'Litsea cubeba', 'Mandarin orange', 'Orange', 'Oolong tea', 'Nutmeg', 'Mediterranean fig', 'Musk']","['Daily', 'Sport', 'Leisure', 'Night Out', 'Business', 'Evening']","[26, 12, 26, 8, 21, 7]",8.2,8.0,7.4,8.1,7.2,"['Fall', 'Summer', 'Spring']","[13, 45, 42]","['Masculine', 'Feminine', 'Classic', 'Modern']","[35, 31, 13, 21]","['Citrus', 'Spicy', 'Green', 'Fruity', 'Fresh', 'Floral']","[27, 8, 22, 10, 28, 5]"
564,https://www.parfumo.com/Perfumes/Parfums_de_Marly/Royal_Essence_Oajan,Oajan  ,Parfums de Marly,2013,2010,"['Cinnamon', 'Honey', 'Osmanthus', 'Amber', 'Benzoin', 'Labdanum', 'Tonka bean', 'Vanilla', 'Davana', 'Patchouli']","['Daily', 'Leisure', 'Night Out', 'Business', 'Evening']","[7, 18, 33, 6, 35]",8.5,8.6,8.3,8.5,7.1,"['Winter', 'Fall', 'Spring']","[50, 40, 9]","['Masculine', 'Feminine', 'Classic', 'Modern']","[42, 24, 17, 17]","['Spicy', 'Sweet', 'Oriental', 'Woody', 'Resinous', 'Gourmand']","[21, 26, 17, 7, 6, 24]"
565,https://www.parfumo.com/Perfumes/Roja_Parfums/elysium-parfum-cologne-eau-de-parfum,Elysium Parfum Cologne ,Roja Parfums,2017,2010,"['Grapefruit', 'Lemon', 'Lime', 'Artemisia', 'Bergamot', 'Lavender', 'Musk', 'Thyme', 'Blackcurrant', 'Grasse jasmine', 'May rose', 'Apple', 'Lily of the valley', 'Cedarwood', 'Juniper berry', 'Vetiver', 'Ambergris', 'Benzoin', 'Cypriol', 'Galbanum', 'Labdanum', 'Musk', 'Pink pepper', 'Leather', 'Vanilla']","['Daily', 'Sport', 'Leisure', 'Night Out', 'Business', 'Evening']","[23, 11, 22, 14, 19, 12]",8.4,7.1,6.9,8.7,5.7,"['Winter', 'Fall', 'Summer', 'Spring']","[8, 19, 38, 36]","['Masculine', 'Feminine', 'Classic', 'Modern']","[46, 7, 20, 27]","['Citrus', 'Spicy', 'Sweet', 'Woody', 'Green', 'Fruity', 'Fresh', 'Aquatic']","[22, 10, 5, 12, 7, 15, 23, 6]"
566,https://www.parfumo.com/Perfumes/Widian/london-extrait-de-parfum,London ,Widian / AJ Arabia,2018,2010,"['Oud', 'Cypress', 'Violet', 'Raspberry', 'Lily of the valley', 'Leather', 'Musk', 'Vanilla', 'Amber']","['Daily', 'Leisure', 'Night Out', 'Business', 'Evening']","[9, 17, 33, 8, 33]",9.0,8.9,8.6,9.2,7.1,"['Winter', 'Fall', 'Summer', 'Spring']","[34, 36, 7, 23]","['Masculine', 'Feminine', 'Classic', 'Modern']","[44, 17, 20, 19]","['Spicy', 'Sweet', 'Oriental', 'Leathery', 'Woody', 'Fruity']","[10, 18, 14, 26, 12, 21]"
567,https://www.parfumo.com/Perfumes/Marc_Antoine_Barrois/ganymede-eau-de-parfum,Ganymede ,Marc-Antoine Barrois,2019,2010,"['Saffron', 'Italian mandarine Orpur®', 'Chinese osmanthus absolute Orpur®', 'Violet', 'Akigalawood®', 'Immortelle absolute']","['Daily', 'Leisure', 'Night Out', 'Business', 'Evening']","[19, 21, 21, 18, 21]",8.1,8.7,8.3,7.9,7.4,"['Winter', 'Fall', 'Summer', 'Spring']","[23, 32, 17, 28]","['Masculine', 'Feminine', 'Classic', 'Modern']","[44, 15, 22, 19]","['Spicy', 'Synthetic', 'Leathery', 'Woody', 'Fresh', 'Floral']","[22, 16, 18, 22, 15, 7]"
568,https://www.parfumo.com/Perfumes/Xerjoff/Lira,Casamorati - Lira ,XerJoff,2011,2010,"['Blood orange', 'Bergamot', 'Lavender', 'Cinnamon', 'Egyptian jasmine', 'Glycyrrhiza glabra', 'Bulgarian rose', 'Caramel', 'Vanilla', 'Musk']","['Daily', 'Leisure', 'Night Out', 'Business', 'Evening']","[15, 22, 25, 10, 28]",8.5,8.1,7.7,8.2,7.0,"['Winter', 'Fall', 'Summer', 'Spring']","[37, 37, 8, 18]","['Masculine', 'Feminine', 'Classic', 'Modern']","[17, 45, 14, 23]","['Citrus', 'Spicy', 'Sweet', 'Powdery', 'Gourmand', 'Fruity', 'Creamy']","[14, 8, 27, 5, 27, 6, 13]"
569,https://www.parfumo.com/Perfumes/Dior/Sauvage_Eau_de_Parfum,Sauvage ,Dior,2018,2010,"['Ambroxan', 'Sichuan pepper', 'Bergamot', 'Lavender', 'Nutmeg', 'Papua New Guinean vanilla', 'Star anise']","['Daily', 'Sport', 'Leisure', 'Night Out', 'Business', 'Evening']","[21, 7, 20, 17, 17, 18]",7.8,8.1,7.8,7.9,7.5,"['Winter', 'Fall', 'Summer', 'Spring']","[21, 28, 23, 28]","['Masculine', 'Classic', 'Modern']","[49, 18, 33]","['Citrus', 'Spicy', 'Synthetic', 'Sweet', 'Woody', 'Fresh']","[12, 23, 17, 9, 12, 26]"
570,https://www.parfumo.com/Perfumes/Dior/Dior_Homme_Parfum,Dior Homme Parfum  ,Dior,2014,2010,"['Florentine iris', 'Leather', 'Ceylonese sandalwood']","['Daily', 'Leisure', 'Night Out', 'Business', 'Evening']","[8, 14, 33, 12, 33]",8.7,9.0,8.6,8.7,8.2,"['Winter', 'Fall', 'Summer', 'Spring']","[40, 38, 5, 18]","['Masculine', 'Feminine', 'Classic', 'Modern']","[47, 9, 28, 16]","['Spicy', 'Sweet', 'Smoky', 'Powdery', 'Oriental', 'Leathery', 'Woody', 'Creamy', 'Floral']","[10, 13, 5, 20, 6, 19, 15, 5, 6]"
571,https://www.parfumo.com/Perfumes/Maison_Margiela/jazz-club,Jazz Club  ,Maison Margiela,2013,2010,"['Pink pepper', 'Neroli', 'Primofiore lemon', 'Rum absolute', 'Clary sage', 'Java vetiver', 'Tobacco absolute', 'Vanilla', 'Styrax']","['Daily', 'Leisure', 'Night Out', 'Business', 'Evening']","[10, 19, 31, 8, 33]",7.9,7.4,7.1,7.9,7.5,"['Winter', 'Fall', 'Summer', 'Spring']","[37, 40, 6, 17]","['Masculine', 'Feminine', 'Classic', 'Modern']","[47, 16, 21, 16]","['Spicy', 'Sweet', 'Smoky', 'Leathery', 'Woody', 'Gourmand']","[24, 24, 20, 5, 17, 9]"
572,https://www.parfumo.com/Perfumes/Chanel/Bleu_de_Chanel,Bleu de Chanel ,Chanel,2010,2010,"['Citrus notes', 'Pink pepper', 'Vetiver', 'Grapefruit', 'Cedar', 'Labdanum', 'Ginger', 'Sandalwood', 'Frankincense']","['Daily', 'Sport', 'Leisure', 'Night Out', 'Business', 'Evening']","[23, 9, 21, 13, 22, 13]",7.6,7.0,6.7,7.9,7.1,"['Winter', 'Fall', 'Summer', 'Spring']","[14, 25, 30, 31]","['Masculine', 'Classic', 'Modern']","[50, 20, 30]","['Citrus', 'Spicy', 'Synthetic', 'Woody', 'Fruity', 'Fresh', 'Aquatic']","[22, 13, 6, 17, 6, 25, 11]"
573,https://www.parfumo.com/Perfumes/Chanel/Allure_Homme_Edition_Blanche_Eau_de_Parfum,Allure Homme Édition Blanche ,Chanel,2014,2010,"['Black pepper', 'Pink pepper', 'Lemon', 'Bergamot', 'New Caledonian sandalwood', 'Leather', 'Tonka bean', 'Amber', 'Bourbon vanilla', 'Cedarwood', 'Ginger', 'Haitian vetiver', 'White musk']","['Daily', 'Sport', 'Leisure', 'Night Out', 'Business', 'Evening']","[24, 13, 24, 10, 19, 9]",8.5,6.9,6.8,7.7,7.1,"['Winter', 'Fall', 'Summer', 'Spring']","[6, 14, 43, 37]","['Masculine', 'Feminine', 'Classic', 'Modern']","[46, 9, 16, 30]","['Citrus', 'Spicy', 'Sweet', 'Woody', 'Fruity', 'Fresh', 'Creamy']","[27, 7, 11, 6, 6, 24, 19]"
574,https://www.parfumo.com/Perfumes/Dolce_Gabbana/Light_Blue_pour_Homme_Eau_Intense,Light Blue pour Homme Eau Intense  ,Dolce & Gabbana,2017,2010,"['Grapefruit', 'Lemon', 'Mandarin orange', 'Aquatic notes', 'Juniper', 'Amberwood', 'Clary sage', 'Musk']","['Daily', 'Sport', 'Leisure', 'Night Out', 'Business', 'Evening']","[26, 19, 27, 7, 15, 6]",7.6,7.1,6.8,7.3,7.6,"['Fall', 'Summer', 'Spring']","[6, 58, 36]","['Masculine', 'Classic', 'Modern']","[51, 14, 36]","['Citrus', 'Synthetic', 'Fruity', 'Fresh', 'Aquatic']","[25, 9, 9, 29, 28]"
575,https://www.parfumo.com/Perfumes/Louis_Vuitton/Afternoon_Swim,Afternoon Swim  ,Louis Vuitton,2019,2010,"['Mandarin orange', 'Sicilian orange', 'Bergamot', 'Ambergris', 'Ginger']","['Daily', 'Sport', 'Leisure', 'Night Out', 'Business', 'Evening']","[24, 18, 26, 9, 15, 8]",8.6,6.1,6.3,8.8,5.5,"['Fall', 'Summer', 'Spring']","[6, 56, 38]","['Masculine', 'Feminine', 'Classic', 'Modern']","[40, 20, 10, 29]","['Citrus', 'Sweet', 'Fruity', 'Fresh', 'Aquatic']","[28, 8, 16, 28, 20]"
576,https://www.parfumo.com/Perfumes/Bentley/Bentley_for_Men_Intense,Bentley for Men Intense  ,Bentley,2013,2010,"['Black pepper', 'Frankincense', 'African geranium', 'Leather', 'Labdanum', 'Clary sage', 'Patchouli', 'Cedarwood', 'Sandalwood']","['Daily', 'Leisure', 'Night Out', 'Business', 'Evening']","[10, 16, 30, 11, 33]",7.6,8.4,8.1,7.8,9.1,"['Winter', 'Fall', 'Spring']","[44, 42, 14]","['Masculine', 'Classic', 'Modern']","[55, 34, 11]","['Spicy', 'Sweet', 'Smoky', 'Oriental', 'Leathery', 'Woody', 'Resinous']","[20, 13, 13, 8, 19, 19, 8]"
586,https://www.parfumo.com/Perfumes/Goldfield__Banks/Pacific_Rock_Moss,Pacific Rock Moss  ,Goldfield & Banks,2016,2010,"['Italian lemon', 'French sage', 'Egyptian geranium', 'Virginia cedar']","['Daily', 'Sport', 'Leisure', 'Night Out', 'Business', 'Evening']","[25, 18, 26, 6, 19, 6]",8.1,6.8,6.5,7.9,7.0,"['Fall', 'Summer', 'Spring']","[9, 51, 40]","['Masculine', 'Feminine', 'Classic', 'Modern']","[38, 25, 12, 25]","['Citrus', 'Sweet', 'Green', 'Fresh', 'Aquatic']","[22, 9, 11, 29, 29]"
577,https://www.parfumo.com/Perfumes/Parfums_de_Marly/Carlisle,Carlisle  ,Parfums de Marly,2015,2010,"['Green apple', 'Nutmeg', 'Saffron', 'Tonka bean', 'Davana', 'Osmanthus', 'Rose', 'Vanilla', 'Opoponax', 'Patchouli', 'Sandalwood']","['Daily', 'Leisure', 'Night Out', 'Business', 'Evening']","[8, 18, 33, 7, 34]",8.4,8.8,8.5,8.7,6.9,"['Winter', 'Fall', 'Spring']","[44, 42, 14]","['Masculine', 'Feminine', 'Classic', 'Modern']","[47, 10, 24, 19]","['Spicy', 'Sweet', 'Smoky', 'Oriental', 'Woody', 'Resinous', 'Gourmand', 'Fruity', 'Creamy']","[20, 21, 6, 13, 12, 4, 10, 7, 6]"
578,https://www.parfumo.com/Perfumes/Maison_Francis_Kurkdjian/gentle-fluidity-silver,Gentle Fluidity (Silver) ,Maison Francis Kurkdjian,2019,2010,"['Vanilla', 'Musk', 'Juniper berry', 'Coriander seed', 'Nutmeg', 'Woods']","['Daily', 'Sport', 'Leisure', 'Night Out', 'Business', 'Evening']","[25, 9, 23, 10, 23, 9]",8.2,7.8,7.4,8.4,7.0,"['Winter', 'Fall', 'Summer', 'Spring']","[10, 23, 32, 34]","['Masculine', 'Feminine', 'Classic', 'Modern']","[46, 11, 20, 24]","['Citrus', 'Spicy', 'Synthetic', 'Sweet', 'Woody', 'Green', 'Fresh', 'Aquatic']","[7, 16, 6, 5, 20, 9, 28, 9]"
579,https://www.parfumo.com/Perfumes/Parfums_de_Marly/Layton_Exclusif,Layton Exclusif  ,Parfums de Marly,2017,2010,"['Apple', 'Bergamot', 'Grapefruit', 'Geranium', 'Lavender', 'Oud', 'Cinnamon', 'Gaiac wood', 'Vanilla', 'Cypriol', 'Patchouli']","['Daily', 'Leisure', 'Night Out', 'Business', 'Evening']","[11, 18, 29, 11, 30]",8.3,8.6,8.3,8.5,7.0,"['Winter', 'Fall', 'Summer', 'Spring']","[35, 36, 7, 22]","['Masculine', 'Classic', 'Modern']","[52, 28, 21]","['Spicy', 'Sweet', 'Smoky', 'Oriental', 'Woody', 'Fruity', 'Animal']","[23, 17, 9, 14, 24, 8, 6]"
580,https://www.parfumo.com/Perfumes/Valentino/valentino-uomo-intense-2016,Valentino Uomo Intense  ,Valentino,2016,2010,"['Clary sage', 'Mandarin orange', 'Iris', 'Tonka bean', 'Vanilla', 'Black leather']","['Daily', 'Leisure', 'Night Out', 'Business', 'Evening']","[11, 16, 31, 10, 32]",8.4,8.3,8.0,8.4,8.1,"['Winter', 'Fall', 'Summer', 'Spring']","[39, 38, 5, 18]","['Masculine', 'Feminine', 'Classic', 'Modern']","[49, 8, 19, 23]","['Spicy', 'Sweet', 'Powdery', 'Leathery', 'Woody', 'Gourmand', 'Creamy']","[12, 23, 23, 17, 6, 7, 10]"
581,https://www.parfumo.com/Perfumes/Chanel/Bleu_de_Chanel_Parfum,Bleu de Chanel Parfum  ,Chanel,2018,2010,"['New Caledonian sandalwood', 'Cedar']","['Daily', 'Sport', 'Leisure', 'Night Out', 'Business', 'Evening']","[21, 6, 19, 17, 20, 18]",8.3,7.5,7.1,8.2,7.1,"['Winter', 'Fall', 'Summer', 'Spring']","[20, 28, 24, 29]","['Masculine', 'Classic', 'Modern']","[50, 24, 26]","['Citrus', 'Spicy', 'Sweet', 'Woody', 'Fresh', 'Creamy', 'Aquatic']","[17, 13, 6, 25, 24, 6, 8]"
582,https://www.parfumo.com/Perfumes/bdk_Parfums/gris-charnel-eau-de-parfum,Gris Charnel ,bdk Parfums,2019,2010,"['Cardamom', 'Fig', 'Black tea', 'Bourbon vetiver', 'Orris absolute', 'Indian sandalwood', 'Tonka bean absolute']","['Daily', 'Leisure', 'Night Out', 'Business', 'Evening']","[21, 21, 19, 17, 21]",8.3,7.9,7.5,8.2,7.4,"['Winter', 'Fall', 'Summer', 'Spring']","[30, 36, 10, 25]","['Masculine', 'Feminine', 'Classic', 'Modern']","[28, 37, 17, 18]","['Spicy', 'Sweet', 'Powdery', 'Woody', 'Fruity', 'Creamy']","[26, 16, 8, 18, 9, 24]"
583,https://www.parfumo.com/Perfumes/Parfums_de_Marly/Percival,Percival  ,Parfums de Marly,2018,2010,"['Aromatic notes', 'Bergamot', 'Mandarin orange', 'Pink pepper', 'Lavender', 'Coriander', 'Geranium', 'Jasmine', 'Violet', 'Cinnamon', 'Balsam fir', 'Pepper', 'Spices', 'Musk', 'Tonka bean']","['Daily', 'Sport', 'Leisure', 'Night Out', 'Business', 'Evening']","[24, 15, 23, 10, 20, 8]",7.9,7.8,7.5,8.4,6.4,"['Winter', 'Fall', 'Summer', 'Spring']","[10, 22, 34, 35]","['Masculine', 'Classic', 'Modern']","[50, 18, 32]","['Citrus', 'Spicy', 'Synthetic', 'Sweet', 'Woody', 'Green', 'Fruity', 'Fresh', 'Aquatic']","[15, 17, 6, 5, 8, 5, 5, 25, 13]"
584,https://www.parfumo.com/Perfumes/Swiss_Arabian/shaghaf-oud-eau-de-parfum,Shaghaf Oud ,Swiss Arabian,2016,2010,"['Oud', 'Saffron', 'Praliné', 'Oud', 'Rose', 'Oud', 'Vanilla']","['Daily', 'Leisure', 'Night Out', 'Evening']","[7, 16, 37, 40]",7.6,9.2,9.0,7.1,9.3,"['Winter', 'Fall', 'Spring']","[47, 41, 11]","['Masculine', 'Feminine', 'Classic', 'Modern']","[38, 29, 17, 16]","['Spicy', 'Sweet', 'Oriental', 'Woody', 'Gourmand', 'Creamy', 'Floral']","[11, 23, 24, 13, 16, 5, 7]"
585,https://www.parfumo.com/Perfumes/Mancera/Red_Tobacco,Red Tobacco  ,Mancera,2017,2010,"['Cinnamon', 'Green apple', 'Nepalese oud', 'Saffron', 'Frankincense', 'Nutmeg', 'White peach', 'Jasmine', 'Patchouli', 'Tobacco', 'Vanilla', 'Gaiac wood', 'Woody notes', 'Amber', 'Vetiver', 'White musk']","['Daily', 'Leisure', 'Night Out', 'Business', 'Evening']","[7, 19, 33, 6, 35]",7.9,9.1,8.9,7.8,8.1,"['Winter', 'Fall', 'Spring']","[45, 42, 13]","['Masculine', 'Feminine', 'Classic', 'Modern']","[47, 12, 24, 18]","['Spicy', 'Sweet', 'Smoky', 'Oriental', 'Woody', 'Resinous', 'Fruity']","[22, 20, 15, 13, 15, 6, 9]"
587,https://www.parfumo.com/Perfumes/Mancera/Cedrat_Boise,Cedrat Boise  ,Mancera,2011,2010,"['Blackcurrant', 'Sicilian lemon', 'Spices', 'Patchouli', 'Water jasmine', 'Leather', 'Woody notes', 'Musk', 'Oakmoss', 'Vanilla']","['Daily', 'Sport', 'Leisure', 'Night Out', 'Business', 'Evening']","[24, 7, 23, 13, 20, 14]",7.8,7.8,7.5,7.5,7.8,"['Winter', 'Fall', 'Summer', 'Spring']","[11, 25, 30, 34]","['Masculine', 'Feminine', 'Classic', 'Modern']","[47, 9, 20, 25]","['Citrus', 'Spicy', 'Sweet', 'Smoky', 'Leathery', 'Woody', 'Fruity', 'Fresh']","[19, 9, 7, 7, 7, 19, 16, 16]"
588,https://www.parfumo.com/Perfumes/Versace/Eros_Flame,Eros Flame  ,Versace,2018,2010,"['Mandarin orange', 'Chinotto', 'Lemon', 'Madagascar pepper', 'Rosemary', 'Pepperwood™', 'Rose', 'Geranium', 'Tonka bean', 'Vanilla', 'Sandalwood', 'Texas cedar', 'Haitian vetiver', 'Oakmoss', 'Patchouli']","['Daily', 'Leisure', 'Night Out', 'Business', 'Evening']","[16, 21, 27, 9, 26]",7.8,7.8,7.6,8.1,7.9,"['Winter', 'Fall', 'Summer', 'Spring']","[25, 32, 16, 27]","['Masculine', 'Classic', 'Modern']","[49, 8, 43]","['Citrus', 'Spicy', 'Synthetic', 'Sweet', 'Woody', 'Fruity', 'Fresh']","[16, 20, 11, 23, 7, 14, 11]"
589,https://www.parfumo.com/Perfumes/Prada/L_Homme_Intense,L'Homme Intense  ,Prada,2017,2010,"['Iris', 'Patchouli', 'Amber', 'Roasted tonka bean', 'Sandalwood']","['Daily', 'Leisure', 'Night Out', 'Business', 'Evening']","[17, 18, 24, 17, 25]",8.3,8.2,7.7,8.2,8.0,"['Winter', 'Fall', 'Summer', 'Spring']","[32, 34, 11, 24]","['Masculine', 'Feminine', 'Classic', 'Modern']","[49, 9, 20, 23]","['Spicy', 'Sweet', 'Powdery', 'Leathery', 'Woody', 'Fresh', 'Creamy', 'Floral']","[10, 21, 25, 7, 9, 8, 11, 8]"
590,https://www.parfumo.com/Perfumes/Viktor_Rolf/Spicebomb,Spicebomb  ,Viktor & Rolf,2012,2010,"['Pink pepper', 'Bergamot', 'Grapefruit', 'Cinnamon', 'Chili', 'Saffron', 'Tobacco', 'Leather', 'Vetiver']","['Daily', 'Leisure', 'Night Out', 'Business', 'Evening']","[15, 21, 27, 11, 27]",7.8,7.6,7.5,7.9,7.9,"['Winter', 'Fall', 'Summer', 'Spring']","[36, 37, 7, 19]","['Masculine', 'Feminine', 'Classic', 'Modern']","[47, 11, 13, 29]","['Spicy', 'Synthetic', 'Sweet', 'Oriental', 'Leathery', 'Woody', 'Gourmand', 'Fruity', 'Fresh']","[26, 6, 22, 13, 5, 10, 8, 5, 5]"
591,https://www.parfumo.com/Perfumes/Parfums_de_Marly/Delina,Delina ,Parfums de Marly,2017,2010,"['Rhubarb', 'Lychee', 'Bergamot', 'Nutmeg', 'Turkish rose', 'Peony', 'Lily of the valley', 'Cashmeran', 'Vanilla', 'White musk', 'Cedarwood', 'Frankincense', 'Vetiver']","['Daily', 'Leisure', 'Night Out', 'Business', 'Evening']","[22, 23, 22, 14, 18]",8.1,8.5,8.3,8.5,6.6,"['Winter', 'Fall', 'Summer', 'Spring']","[12, 21, 29, 37]","['Feminine', 'Classic', 'Modern']","[54, 13, 33]","['Synthetic', 'Sweet', 'Powdery', 'Fruity', 'Fresh', 'Creamy', 'Floral']","[5, 21, 6, 22, 13, 8, 26]"
592,https://www.parfumo.com/Perfumes/Xerjoff/renaissance,Renaissance  ,XerJoff,2011,2010,"['Petitgrain', 'Lemon', 'Calabrian bergamot', 'Mandarin orange', 'Mint', 'Lily of the valley', 'Bulgarian rose', 'Musk', 'Amber', 'Cedarwood', 'Patchouli']","['Daily', 'Sport', 'Leisure', 'Night Out', 'Business', 'Evening']","[24, 12, 25, 10, 20, 9]",8.0,7.6,7.1,9.0,6.9,"['Fall', 'Summer', 'Spring']","[12, 48, 40]","['Masculine', 'Feminine', 'Classic', 'Modern']","[38, 23, 17, 21]","['Citrus', 'Spicy', 'Sweet', 'Woody', 'Green', 'Fruity', 'Fresh', 'Floral']","[27, 7, 5, 5, 15, 6, 25, 10]"
593,https://www.parfumo.com/Perfumes/Amouage/Interlude_Man,Interlude Man  ,Amouage,2012,2010,"['Oregano', 'Pimento', 'Bergamot', 'Frankincense', 'Opoponax', 'Amber', 'Cistus', 'Leather', 'Oud', 'Patchouli', 'Sandalwood']","['Daily', 'Leisure', 'Night Out', 'Business', 'Evening']","[6, 17, 35, 6, 37]",7.8,9.4,9.1,8.8,6.9,"['Winter', 'Fall', 'Summer', 'Spring']","[44, 39, 5, 12]","['Masculine', 'Feminine', 'Classic', 'Modern']","[52, 7, 30, 10]","['Spicy', 'Sweet', 'Smoky', 'Oriental', 'Leathery', 'Woody', 'Resinous', 'Earthy']","[18, 6, 19, 16, 7, 15, 14, 5]"
594,https://www.parfumo.com/Perfumes/Rabanne/Invictus_Eau_de_Toilette,Invictus ,Rabanne,2013,2010,"['Marine notes', 'Grapefruit', 'Bay leaf', 'Jasmine', 'Ambergris', 'Patchouli', 'Gaiac wood', 'Oakmoss']","['Daily', 'Sport', 'Leisure', 'Night Out', 'Business', 'Evening']","[23, 13, 24, 15, 13, 12]",6.5,7.1,6.9,6.4,6.9,"['Winter', 'Fall', 'Summer', 'Spring']","[11, 22, 32, 35]","['Masculine', 'Classic', 'Modern']","[48, 6, 45]","['Citrus', 'Synthetic', 'Sweet', 'Woody', 'Fruity', 'Fresh', 'Aquatic']","[9, 20, 19, 5, 11, 21, 15]"
595,https://www.parfumo.com/Perfumes/Guerlain/Mon_Guerlain,Mon Guerlain ,Guerlain,2017,2010,"['True lavender', 'Bergamot', 'Indian jasmine sambac', 'Iris', 'Tahitian vanilla', 'Australian sandalwood']","['Daily', 'Leisure', 'Night Out', 'Business', 'Evening']","[22, 20, 21, 16, 21]",8.2,7.8,7.5,8.4,7.8,"['Winter', 'Fall', 'Summer', 'Spring']","[27, 31, 15, 28]","['Feminine', 'Classic', 'Modern']","[53, 23, 24]","['Spicy', 'Sweet', 'Powdery', 'Gourmand', 'Creamy', 'Floral']","[6, 28, 16, 11, 13, 26]"
596,https://www.parfumo.com/Perfumes/Lancome/La_Vie_est_Belle,La Vie est Belle L'Eau de Parfum  ,Lancôme,2012,2010,"['Blackcurrant', 'Pear', 'Iris', 'Jasmine', 'Orange blossom', 'Praliné', 'Tonka bean', 'Patchouli', 'Vanilla']","['Daily', 'Leisure', 'Night Out', 'Business', 'Evening']","[17, 19, 26, 11, 26]",6.5,8.3,8.2,7.6,7.4,"['Winter', 'Fall', 'Summer', 'Spring']","[32, 34, 11, 23]","['Feminine', 'Classic', 'Modern']","[52, 16, 32]","['Synthetic', 'Sweet', 'Powdery', 'Gourmand', 'Fruity', 'Floral']","[8, 29, 10, 16, 16, 21]"
597,https://www.parfumo.com/Perfumes/Dior/dior-homme-original-2011-eau-de-toilette,Dior Homme Original ,Dior,2011,2010,"['Lavender', 'Sage', 'Bergamot', 'Florentine iris absolute', 'Cocoa', 'Amber', 'Guatemala cardamom', 'Haitian vetiver', 'Leather', 'Patchouli']","['Daily', 'Leisure', 'Night Out', 'Business', 'Evening']","[18, 18, 23, 17, 24]",8.5,7.8,7.4,8.5,7.9,"['Winter', 'Fall', 'Summer', 'Spring']","[30, 33, 11, 26]","['Masculine', 'Feminine', 'Classic', 'Modern']","[46, 13, 21, 20]","['Spicy', 'Sweet', 'Powdery', 'Leathery', 'Woody', 'Gourmand', 'Creamy', 'Floral']","[12, 19, 23, 9, 14, 9, 5, 9]"
598,https://www.parfumo.com/Perfumes/Parfums_de_Marly/Sedley,Sedley  ,Parfums de Marly,2019,2010,"['Spearmint', 'Aquatic notes', 'Bergamot', 'Hivernal®', 'Bourbon geranium', 'Lavender', 'Solar note', 'Cedarwood', 'Sandalwood', 'White musk', 'Frankincense']","['Daily', 'Sport', 'Leisure', 'Night Out', 'Business', 'Evening']","[24, 18, 23, 8, 20, 6]",8.1,7.2,6.9,8.5,6.4,"['Winter', 'Fall', 'Summer', 'Spring']","[5, 13, 44, 38]","['Masculine', 'Feminine', 'Classic', 'Modern']","[47, 5, 16, 32]","['Citrus', 'Spicy', 'Synthetic', 'Woody', 'Green', 'Fresh', 'Aquatic']","[23, 8, 5, 10, 6, 27, 21]"
599,https://www.parfumo.com/Perfumes/Initio/Rehab,Rehab  ,Initio,2018,2010,"['Lavender', 'Musk', 'Sandalwood', 'Hedione', 'Bergamot', 'Black pepper', 'Cedarwood', 'Patchouli']","['Daily', 'Leisure', 'Night Out', 'Business', 'Evening']","[17, 23, 22, 14, 24]",8.3,8.0,7.6,8.5,6.7,"['Winter', 'Fall', 'Summer', 'Spring']","[31, 35, 10, 24]","['Masculine', 'Feminine', 'Classic', 'Modern']","[37, 31, 14, 19]","['Spicy', 'Sweet', 'Powdery', 'Oriental', 'Woody', 'Creamy', 'Floral']","[24, 24, 8, 5, 13, 20, 5]"
600,https://www.parfumo.com/Perfumes/Montale/Intense_Cafe,Intense Cafe  ,Montale,2013,2010,"['Floral notes', 'Rose', 'Coffee', 'Vanilla', 'Amber', 'White musk']","['Daily', 'Leisure', 'Night Out', 'Business', 'Evening']","[12, 20, 29, 8, 31]",7.7,8.6,8.3,7.0,7.7,"['Winter', 'Fall', 'Summer', 'Spring']","[36, 38, 6, 19]","['Masculine', 'Feminine', 'Classic', 'Modern']","[24, 43, 13, 19]","['Spicy', 'Synthetic', 'Sweet', 'Oriental', 'Gourmand', 'Creamy', 'Floral']","[10, 7, 24, 11, 20, 8, 19]"
601,https://www.parfumo.com/Perfumes/Creed/Royal_Oud,Royal Oud  ,Creed,2011,2010,"['Pink pepper', 'Bergamot', 'Galbanum', 'Lime', 'Angelica', 'Cardamom', 'Cedarwood', 'Clove', 'Ambergris', 'Frankincense', 'Gaiac wood', 'Musk', 'Vietnamese oud']","['Daily', 'Leisure', 'Night Out', 'Business', 'Evening']","[18, 17, 22, 19, 23]",8.2,7.6,7.1,7.9,6.1,"['Winter', 'Fall', 'Summer', 'Spring']","[27, 34, 12, 27]","['Masculine', 'Feminine', 'Classic', 'Modern']","[49, 9, 30, 12]","['Citrus', 'Spicy', 'Sweet', 'Smoky', 'Oriental', 'Woody', 'Resinous', 'Green', 'Fresh', 'Earthy']","[6, 19, 6, 9, 7, 23, 9, 5, 11, 6]"
602,https://www.parfumo.com/Perfumes/Gisada/ambassador-for-men,Ambassador for Men  ,Gisada,2019,2010,"['Apple', 'Green mandarin orange', 'Cardamom', 'Violet', 'Mango', 'Black pepper', 'Lavender', 'Patchouli', 'Peony', 'Amber', 'Vanilla', 'Vetiver', 'Moss', 'Teak']","['Daily', 'Leisure', 'Night Out', 'Business', 'Evening']","[15, 20, 27, 10, 27]",7.5,8.1,7.9,7.3,7.3,"['Winter', 'Fall', 'Summer', 'Spring']","[28, 33, 14, 25]","['Masculine', 'Feminine', 'Classic', 'Modern']","[46, 8, 12, 35]","['Spicy', 'Synthetic', 'Sweet', 'Woody', 'Gourmand', 'Fruity', 'Fresh']","[13, 15, 27, 10, 5, 23, 7]"
603,https://www.parfumo.com/Perfumes/Roberto_Ugolini/17-rosso,17 Rosso  ,Roberto Ugolini,2019,2010,"['Peach', 'Mint', 'Raspberry leaf', 'Saffron', 'Ylang-ylang', 'Damask rose', 'Peony', 'Nasturtium', 'Pink pepper', 'Ambrette seed', 'Amyris', 'Cedarwood', 'Styrax', 'Vetiver']","['Daily', 'Leisure', 'Night Out', 'Business', 'Evening']","[15, 21, 26, 12, 26]",8.1,8.7,8.4,8.0,7.4,"['Winter', 'Fall', 'Summer', 'Spring']","[20, 30, 20, 30]","['Masculine', 'Feminine', 'Classic', 'Modern']","[42, 20, 22, 16]","['Spicy', 'Sweet', 'Woody', 'Fruity', 'Fresh', 'Floral']","[17, 16, 15, 22, 8, 22]"
604,https://www.parfumo.com/Perfumes/Yves_Saint_Laurent/Black_Opium,Black Opium ,Yves Saint Laurent,2014,2010,"['Orange blossom', 'Pink pepper', 'Coffee', 'Jasmine', 'Vanilla', 'Patchouli', 'Cedar']","['Daily', 'Leisure', 'Night Out', 'Business', 'Evening']","[12, 17, 31, 10, 31]",7.2,7.5,7.3,7.6,7.2,"['Winter', 'Fall', 'Summer', 'Spring']","[39, 39, 6, 16]","['Feminine', 'Classic', 'Modern']","[54, 16, 30]","['Spicy', 'Synthetic', 'Sweet', 'Powdery', 'Oriental', 'Gourmand', 'Fruity', 'Creamy', 'Floral']","[10, 6, 26, 5, 12, 19, 5, 5, 13]"
605,https://www.parfumo.com/Perfumes/Giorgio_Armani/Emporio_Armani_Stronger_With_You,Emporio Armani - Stronger With You  ,Giorgio Armani,2017,2010,"['Cardamom', 'Pink pepper', 'Violet leaf', 'Sage', 'Vanilla', 'Marron glacé']","['Daily', 'Leisure', 'Night Out', 'Business', 'Evening']","[13, 20, 30, 8, 29]",7.4,7.6,7.5,7.1,7.7,"['Winter', 'Fall', 'Summer', 'Spring']","[39, 39, 6, 16]","['Masculine', 'Feminine', 'Classic', 'Modern']","[47, 9, 10, 34]","['Spicy', 'Synthetic', 'Sweet', 'Oriental', 'Woody', 'Gourmand', 'Creamy']","[21, 12, 30, 8, 10, 13, 6]"
606,https://www.parfumo.com/Perfumes/Afnan_Perfumes/9pm,9pm  ,Afnan Perfumes,2015,2010,"['Apple', 'Cinnamon', 'Provençal lavender', 'Bergamot', 'Lily of the valley', 'Orange blossom', 'Vanilla', 'Tonka bean', 'Amber', 'Patchouli']","['Daily', 'Leisure', 'Night Out', 'Business', 'Evening']","[14, 19, 31, 6, 30]",8.0,8.3,8.1,7.1,9.3,"['Winter', 'Fall', 'Summer', 'Spring']","[30, 32, 13, 25]","['Masculine', 'Feminine', 'Classic', 'Modern']","[47, 5, 7, 41]","['Spicy', 'Synthetic', 'Sweet', 'Powdery', 'Gourmand', 'Fruity', 'Fresh', 'Creamy']","[6, 15, 29, 5, 8, 22, 6, 9]"
607,https://www.parfumo.com/Perfumes/Rasasi/Hawas_for_Men,Hawas for Him  ,Rasasi / الرصاصي,2015,2010,"['Apple', 'Bergamot', 'Pear', 'Cinnamon', 'Lemon', 'Pineapple', 'Melon', 'Orange blossom', 'Plum', 'Violet', 'Cardamom', 'Musk', 'Amberwood', 'Patchouli', 'Ambergris', 'Cedarwood', 'Sandalwood']","['Daily', 'Sport', 'Leisure', 'Night Out', 'Business', 'Evening']","[24, 12, 24, 14, 13, 12]",7.8,8.2,8.0,7.6,8.4,"['Winter', 'Fall', 'Summer', 'Spring']","[8, 19, 37, 36]","['Masculine', 'Classic', 'Modern']","[49, 10, 41]","['Citrus', 'Spicy', 'Synthetic', 'Sweet', 'Fruity', 'Fresh', 'Aquatic']","[9, 5, 11, 18, 21, 22, 15]"
608,https://www.parfumo.com/Perfumes/Creed/Viking,Viking  ,Creed,2017,2010,"['Peppermint', 'Sicilian lemon', 'Calabrian bergamot', 'Absinth', 'Orange', 'Pink pepper', 'Clove', 'Pimento', 'Bulgarian rose', 'Jasmine', 'Lavender', 'Orris butter', 'Indian sandalwood', 'Tonka bean', 'White musk', 'Cedarwood', 'Haitian vetiver']","['Daily', 'Sport', 'Leisure', 'Night Out', 'Business', 'Evening']","[22, 6, 23, 14, 21, 14]",7.8,7.5,7.2,7.9,5.8,"['Winter', 'Fall', 'Summer', 'Spring']","[13, 28, 26, 33]","['Masculine', 'Feminine', 'Classic', 'Modern']","[50, 4, 31, 15]","['Citrus', 'Spicy', 'Woody', 'Green', 'Fresh', 'Floral']","[15, 25, 18, 13, 23, 6]"
609,https://www.parfumo.com/Perfumes/Yves_Saint_Laurent/libre-eau-de-parfum,Libre ,Yves Saint Laurent,2019,2010,"['Neroli', 'Mandarin orange', 'French lavender', 'Moroccan orange blossom absolute', 'Jasmine sambac absolute', 'Bourbon vanilla', 'Musk', 'Ambergris', 'Cedar']","['Daily', 'Leisure', 'Night Out', 'Business', 'Evening']","[20, 20, 21, 17, 22]",7.5,7.9,7.6,8.5,7.7,"['Winter', 'Fall', 'Summer', 'Spring']","[22, 31, 19, 28]","['Masculine', 'Feminine', 'Classic', 'Modern']","[8, 49, 19, 24]","['Citrus', 'Spicy', 'Synthetic', 'Sweet', 'Powdery', 'Fruity', 'Fresh', 'Creamy', 'Floral']","[7, 7, 6, 22, 5, 6, 11, 10, 25]"
610,https://www.parfumo.com/Perfumes/Simone_Andreoli/malibu-party-in-the-bay,Malibù - Party in the Bay  ,Simone Andreoli,2018,2010,"['Lime', 'Coconut', 'Sugar', 'Rum', 'Sandalwood']","['Daily', 'Sport', 'Leisure', 'Night Out', 'Business', 'Evening']","[22, 9, 27, 17, 12, 14]",8.2,7.7,7.3,7.4,7.8,"['Fall', 'Summer', 'Spring']","[6, 59, 35]","['Masculine', 'Feminine', 'Classic', 'Modern']","[35, 30, 8, 26]","['Citrus', 'Sweet', 'Fruity', 'Fresh', 'Creamy']","[27, 22, 15, 23, 12]"
611,https://www.parfumo.com/Perfumes/Anfas/Salam,Salam  ,Anfas,2014,2010,"['Mandarin orange', 'Bergamot', 'Amber', 'Jasmine', 'Magnolia', 'Musk', 'Sandalwood']","['Daily', 'Leisure', 'Night Out', 'Business', 'Evening']","[18, 22, 23, 14, 23]",8.7,7.9,7.6,9.1,7.0,"['Winter', 'Fall', 'Summer', 'Spring']","[21, 30, 19, 30]","['Masculine', 'Feminine', 'Classic', 'Modern']","[35, 27, 15, 23]","['Spicy', 'Sweet', 'Oriental', 'Woody', 'Fruity', 'Fresh', 'Creamy', 'Floral']","[10, 23, 16, 7, 8, 5, 13, 18]"
612,https://www.parfumo.com/Perfumes/Givenchy/Gentleman_Givenchy_Eau_de_Parfum,Gentleman Givenchy ,Givenchy,2018,2010,"['Black pepper', 'Lavender', 'Tolu balm', 'Iris pallida', 'Vanilla', 'Patchouli']","['Daily', 'Leisure', 'Night Out', 'Business', 'Evening']","[13, 17, 27, 13, 29]",8.1,8.0,7.6,7.8,7.9,"['Winter', 'Fall', 'Summer', 'Spring']","[37, 38, 5, 19]","['Masculine', 'Feminine', 'Classic', 'Modern']","[49, 7, 22, 22]","['Spicy', 'Sweet', 'Powdery', 'Oriental', 'Woody', 'Creamy', 'Floral']","[19, 23, 24, 6, 10, 13, 6]"
613,https://www.parfumo.com/Perfumes/Xerjoff/amber-star,Amber Star  ,XerJoff,2013,2010,"['Amber', 'Cedarwood', 'Ylang-ylang', 'Gaiac wood', 'Gurjum balsam', 'Myrrh', 'Bourbon vanilla', 'Benzoin', 'Opoponax', 'Sandalwood']","['Daily', 'Leisure', 'Night Out', 'Business', 'Evening']","[7, 16, 34, 7, 36]",8.6,8.9,8.5,9.0,5.9,"['Winter', 'Fall', 'Summer', 'Spring']","[39, 39, 4, 17]","['Masculine', 'Feminine', 'Classic', 'Modern']","[39, 28, 19, 14]","['Spicy', 'Sweet', 'Powdery', 'Oriental', 'Woody', 'Resinous', 'Creamy']","[15, 18, 6, 18, 19, 15, 9]"
614,https://www.parfumo.com/Perfumes/Rochas/Moustache_Eau_de_Parfum,Moustache ,Rochas,2018,2010,"['Mandarin orange', 'Pink pepper', 'Bulgarian rose', 'Atlas cedar', 'Benzoin', 'Patchouli']","['Daily', 'Leisure', 'Night Out', 'Business', 'Evening']","[19, 19, 21, 17, 23]",8.1,7.4,7.1,8.2,8.9,"['Winter', 'Fall', 'Summer', 'Spring']","[29, 35, 9, 27]","['Masculine', 'Feminine', 'Classic', 'Modern']","[47, 8, 27, 18]","['Spicy', 'Sweet', 'Oriental', 'Woody', 'Resinous', 'Fruity', 'Creamy', 'Floral']","[23, 21, 9, 17, 8, 6, 8, 10]"
615,https://www.parfumo.com/Perfumes/Tom_Ford/Mandarino_di_Amalfi_Eau_de_Parfum,Mandarino di Amalfi ,Tom Ford,2014,2010,"['Bergamot', 'Grapefruit', 'Lemon', 'Mandarin orange', 'Blackcurrant bud', 'Spearmint', 'Basil', 'Tarragon', 'Orange blossom', 'Black pepper', 'Clary sage', 'Coriander seed', 'Jasmine', 'Shiso leaf', 'Musk', 'Vetiver', 'Amber', 'Civet', 'Labdanum']","['Daily', 'Sport', 'Leisure', 'Night Out', 'Business', 'Evening']","[25, 13, 26, 10, 18, 8]",8.1,6.5,6.4,8.5,5.7,"['Fall', 'Summer', 'Spring']","[8, 52, 40]","['Masculine', 'Feminine', 'Classic', 'Modern']","[38, 27, 13, 22]","['Citrus', 'Spicy', 'Green', 'Fruity', 'Fresh', 'Floral', 'Aquatic']","[25, 6, 7, 16, 26, 8, 12]"
616,https://www.parfumo.com/Perfumes/Nasomatto/Baraonda,Baraonda ,Nasomatto,2016,2010,[],"['Daily', 'Leisure', 'Night Out', 'Business', 'Evening']","[8, 20, 32, 7, 33]",8.5,8.8,8.3,8.7,7.5,"['Winter', 'Fall', 'Summer', 'Spring']","[37, 39, 6, 18]","['Masculine', 'Feminine', 'Classic', 'Modern']","[45, 18, 23, 14]","['Spicy', 'Sweet', 'Smoky', 'Woody', 'Resinous', 'Gourmand', 'Fruity', 'Creamy']","[20, 16, 11, 20, 7, 10, 11, 5]"
617,https://www.parfumo.com/Perfumes/Nishane/Nefs,Nefs  ,Nishane,2019,2010,"['Honey', 'Fig', 'Saffron', 'Sage', 'Violet', 'Rose', 'Geranium', 'Osmanthus', 'Jasmine', 'Nutmeg', 'Whisky', 'Amber', 'Cedarwood', 'Cinnamon', 'Leather', 'Oud', 'Vanilla', 'Gurjum balsam']","['Daily', 'Leisure', 'Night Out', 'Business', 'Evening']","[6, 17, 36, 5, 36]",8.9,9.1,8.8,9.1,5.8,"['Winter', 'Fall', 'Summer', 'Spring']","[37, 36, 7, 20]","['Masculine', 'Feminine', 'Classic', 'Modern']","[40, 24, 20, 15]","['Spicy', 'Sweet', 'Oriental', 'Leathery', 'Woody', 'Resinous', 'Gourmand', 'Fruity', 'Creamy', 'Floral']","[17, 18, 15, 6, 13, 4, 5, 6, 5, 11]"
618,https://www.parfumo.com/Perfumes/Maison_Francis_Kurkdjian/masculin-pluriel,masculin Pluriel  ,Maison Francis Kurkdjian,2014,2010,"['Provençal lavender absolute', 'Haitian vetiver', 'Grapefruit', 'Virginia cedar', 'Indonesian patchouli', 'Leather']","['Daily', 'Sport', 'Leisure', 'Night Out', 'Business', 'Evening']","[24, 7, 22, 12, 23, 12]",8.2,7.5,7.0,8.4,6.9,"['Winter', 'Fall', 'Summer', 'Spring']","[15, 28, 25, 32]","['Masculine', 'Feminine', 'Classic', 'Modern']","[50, 5, 26, 19]","['Citrus', 'Spicy', 'Sweet', 'Leathery', 'Woody', 'Green', 'Fresh', 'Fougère', 'Floral']","[6, 14, 5, 6, 18, 6, 21, 17, 8]"
619,https://www.parfumo.com/Perfumes/Mercedes_Benz/Club_Black,Club Black  ,Mercedes-Benz,2017,2010,"['Bergamot', 'Frankincense', 'Jasmine', 'Vanilla', 'Ambrox', 'Benzoin', 'Woods']","['Daily', 'Leisure', 'Night Out', 'Business', 'Evening']","[13, 19, 29, 8, 31]",8.3,8.0,7.6,6.6,8.7,"['Winter', 'Fall', 'Spring']","[44, 42, 14]","['Masculine', 'Feminine', 'Classic', 'Modern']","[42, 18, 14, 26]","['Spicy', 'Synthetic', 'Sweet', 'Smoky', 'Oriental', 'Woody', 'Gourmand', 'Creamy']","[12, 5, 26, 6, 5, 10, 21, 14]"
620,https://www.parfumo.com/Perfumes/Dior/gris-dior-gris-montaigne-eau-de-parfum,Gris Dior ,Dior,2013,2010,"['Turkish rose', 'Oakmoss', 'Patchouli', 'Violet', 'Amber', 'Calabrian bergamot', 'Cedar', 'Jasmine sambac', 'Sandalwood']","['Daily', 'Leisure', 'Night Out', 'Business', 'Evening']","[24, 22, 16, 22, 16]",8.0,7.4,6.9,8.3,6.6,"['Winter', 'Fall', 'Summer', 'Spring']","[16, 27, 25, 32]","['Masculine', 'Feminine', 'Classic', 'Modern']","[22, 41, 21, 16]","['Spicy', 'Sweet', 'Powdery', 'Woody', 'Fresh', 'Chypre', 'Floral']","[7, 10, 12, 14, 19, 8, 29]"
621,https://www.parfumo.com/Perfumes/Tom_Ford/Soleil_Blanc_Eau_de_Parfum,Soleil Blanc ,Tom Ford,2016,2010,"['Bergamot', 'Tuberose', 'Ylang-ylang', 'Jasmine', 'Coco de mer', 'Tonka bean', 'Benzoin']","['Daily', 'Sport', 'Leisure', 'Night Out', 'Business', 'Evening']","[24, 5, 28, 15, 15, 13]",8.0,7.2,6.9,8.3,6.0,"['Winter', 'Fall', 'Summer', 'Spring']","[5, 12, 48, 36]","['Masculine', 'Feminine', 'Classic', 'Modern']","[22, 42, 13, 22]","['Citrus', 'Sweet', 'Powdery', 'Fresh', 'Creamy', 'Floral']","[6, 23, 10, 12, 28, 21]"
622,https://www.parfumo.com/Perfumes/Tom_Ford/Oud_Wood_Eau_de_Parfum,Oud Wood ,Tom Ford,2007,2000,"['Cardamom', 'Oud', 'Sandalwood', 'Pink pepper', 'Rosewood', 'Amber', 'Tonka bean', 'Vetiver']","['Daily', 'Leisure', 'Night Out', 'Business', 'Evening']","[16, 16, 25, 15, 28]",8.5,7.1,7.1,8.0,6.0,"['Winter', 'Fall', 'Summer', 'Spring']","[33, 36, 9, 22]","['Masculine', 'Feminine', 'Classic', 'Modern']","[47, 8, 27, 18]","['Spicy', 'Sweet', 'Smoky', 'Oriental', 'Woody', 'Resinous', 'Earthy']","[23, 7, 9, 13, 30, 10, 7]"
623,https://www.parfumo.com/Perfumes/Amouage/Reflection_Man,Reflection Man  ,Amouage,2007,2000,"['Bitter orange leaf', 'Red pepper', 'Rosemary', 'Neroli', 'Jasmine', 'Iris', 'Ylang-ylang', 'Sandalwood', 'Haitian vetiver', 'Virginia cedar', 'Patchouli']","['Daily', 'Sport', 'Leisure', 'Night Out', 'Business', 'Evening']","[21, 4, 20, 19, 19, 18]",8.5,8.1,7.7,8.7,6.6,"['Winter', 'Fall', 'Summer', 'Spring']","[15, 27, 26, 32]","['Masculine', 'Feminine', 'Classic', 'Modern']","[47, 8, 21, 24]","['Spicy', 'Sweet', 'Powdery', 'Oriental', 'Woody', 'Fresh', 'Creamy', 'Floral']","[9, 16, 12, 6, 10, 18, 7, 22]"
624,https://www.parfumo.com/Perfumes/Tom_Ford/Tobacco_Vanille_Eau_de_Parfum,Tobacco Vanille ,Tom Ford,2007,2000,"['Vanilla', 'Tobacco', 'Dried fruits', 'Cocoa', 'Ginger', 'Resins', 'Tonka bean']","['Daily', 'Leisure', 'Night Out', 'Business', 'Evening']","[8, 16, 34, 7, 35]",8.3,8.7,8.4,8.1,6.5,"['Winter', 'Fall', 'Spring']","[49, 41, 10]","['Masculine', 'Feminine', 'Classic', 'Modern']","[43, 21, 22, 14]","['Spicy', 'Sweet', 'Smoky', 'Oriental', 'Woody', 'Gourmand']","[24, 25, 13, 12, 9, 16]"
625,https://www.parfumo.com/Perfumes/Yves_Saint_Laurent/La_Nuit_de_L_Homme_Eau_de_Toilette,La Nuit de L'Homme ,Yves Saint Laurent,2009,2000,"['Cardamom', 'Bergamot', 'Lavender', 'Black pepper', 'Cedarwood', 'Tonka bean', 'Vetiver']","['Daily', 'Leisure', 'Night Out', 'Business', 'Evening']","[14, 17, 28, 12, 30]",8.4,6.5,6.5,7.5,7.4,"['Winter', 'Fall', 'Summer', 'Spring']","[28, 33, 13, 26]","['Masculine', 'Feminine', 'Classic', 'Modern']","[49, 5, 17, 29]","['Spicy', 'Sweet', 'Powdery', 'Oriental', 'Woody', 'Fresh']","[28, 27, 6, 13, 15, 10]"
626,https://www.parfumo.com/Perfumes/Hermes/Terre_d_Hermes_Eau_de_Toilette,Terre d'Hermès ,Hermès,2006,2000,"['Vetiver', 'Cedar', 'Orange', 'Grapefruit', 'Flintstone', 'Geranium leaf', 'Pepper', 'Benzoin', 'Patchouli', 'Pink pepper']","['Daily', 'Sport', 'Leisure', 'Night Out', 'Business', 'Evening']","[24, 5, 20, 14, 22, 15]",8.1,7.8,7.4,7.7,7.7,"['Winter', 'Fall', 'Summer', 'Spring']","[17, 29, 24, 30]","['Masculine', 'Feminine', 'Classic', 'Modern']","[50, 5, 29, 15]","['Citrus', 'Spicy', 'Woody', 'Green', 'Fresh', 'Earthy']","[18, 18, 23, 7, 15, 20]"
627,https://www.parfumo.com/Perfumes/Lalique/Encre_Noire_Eau_de_Toilette,Encre Noire ,Lalique,2006,2000,"['Cypress', 'Vetiveryl acetate', 'Bourbon vetiver', 'Haitian vetiver', 'Cashmere wood', 'Musk']","['Daily', 'Leisure', 'Night Out', 'Business', 'Evening']","[19, 20, 20, 16, 25]",7.8,7.8,7.3,8.1,9.0,"['Winter', 'Fall', 'Summer', 'Spring']","[31, 37, 9, 23]","['Masculine', 'Feminine', 'Classic', 'Modern']","[50, 9, 28, 13]","['Spicy', 'Smoky', 'Woody', 'Resinous', 'Green', 'Fresh', 'Earthy']","[13, 14, 27, 7, 12, 5, 22]"
628,https://www.parfumo.com/Perfumes/Rabanne/1_Million_Eau_de_Toilette,1 Million ,Rabanne,2008,2000,"['Red mandarin orange', 'Peppermint', 'Cinnamon', 'Rose absolute', 'Amberketal', 'Leather']","['Daily', 'Leisure', 'Night Out', 'Business', 'Evening']","[12, 19, 32, 7, 30]",6.8,7.9,7.9,6.5,7.2,"['Winter', 'Fall', 'Summer', 'Spring']","[34, 34, 11, 21]","['Masculine', 'Feminine', 'Classic', 'Modern']","[46, 7, 7, 40]","['Spicy', 'Synthetic', 'Sweet', 'Oriental', 'Leathery', 'Woody', 'Gourmand', 'Fruity']","[19, 12, 28, 13, 5, 7, 7, 10]"
629,https://www.parfumo.com/Perfumes/Creed/Virgin_Island_Water,Virgin Island Water  ,Creed,2007,2000,"['Bergamot', 'Key lime', 'Tropical fruits', 'Coconut milk', 'Coconut water', 'Jasmine', 'White blossoms', 'Tonka bean', 'White musk']","['Daily', 'Sport', 'Leisure', 'Night Out', 'Business', 'Evening']","[23, 10, 28, 13, 15, 11]",8.3,7.0,6.6,7.9,6.0,"['Fall', 'Summer', 'Spring']","[7, 55, 37]","['Masculine', 'Feminine', 'Classic', 'Modern']","[35, 31, 10, 24]","['Citrus', 'Sweet', 'Gourmand', 'Fruity', 'Fresh', 'Creamy', 'Floral']","[23, 18, 6, 17, 24, 9, 5]"
630,https://www.parfumo.com/Perfumes/Nasomatto/Black_Afgano,Black Afgano ,Nasomatto,2009,2000,[],"['Daily', 'Leisure', 'Night Out', 'Business', 'Evening']","[6, 18, 35, 5, 36]",8.1,9.2,8.7,8.6,7.3,"['Winter', 'Fall', 'Summer', 'Spring']","[40, 39, 6, 15]","['Masculine', 'Feminine', 'Classic', 'Modern']","[47, 15, 23, 15]","['Spicy', 'Sweet', 'Smoky', 'Oriental', 'Woody', 'Resinous', 'Earthy', 'Animal']","[16, 7, 16, 10, 19, 17, 8, 6]"
631,https://www.parfumo.com/Perfumes/Amouage/Jubilation_25_for_Men,Jubilation XXV Man  ,Amouage,2008,2000,"['Blackberry', 'Frankincense', 'Coriander', 'Davana', 'Labdanum', 'Orange', 'Clove', 'Cinnamon', 'Gaiac wood', 'Honey', 'Laurel', 'Rose', 'Celery seed', 'Orchid', 'Myrrh', 'Atlas cedar', 'Moss', 'Musk', 'Omanian ambergris', 'Opoponax', 'Oud', 'Patchouli', 'Tree moss', 'Immortelle']","['Daily', 'Leisure', 'Night Out', 'Business', 'Evening']","[11, 16, 30, 12, 31]",8.3,8.1,7.6,8.7,6.7,"['Winter', 'Fall', 'Summer', 'Spring']","[33, 36, 9, 23]","['Masculine', 'Feminine', 'Classic', 'Modern']","[51, 8, 29, 13]","['Spicy', 'Sweet', 'Smoky', 'Oriental', 'Woody', 'Resinous', 'Fruity']","[19, 9, 10, 20, 16, 12, 13]"
632,https://www.parfumo.com/Perfumes/Dior/ambre-nuit-eau-de-parfum,Ambre Nuit ,Dior,2009,2000,"['Bergamot', 'Grapefruit', 'Pink pepper', 'Turkish rose', 'Amber', 'Cedar', 'Gaiac wood', 'Patchouli']","['Daily', 'Leisure', 'Night Out', 'Business', 'Evening']","[15, 18, 27, 12, 28]",8.4,7.4,7.0,8.1,6.7,"['Winter', 'Fall', 'Summer', 'Spring']","[32, 36, 9, 24]","['Masculine', 'Feminine', 'Classic', 'Modern']","[38, 28, 19, 14]","['Spicy', 'Sweet', 'Powdery', 'Oriental', 'Woody', 'Resinous', 'Floral']","[23, 18, 7, 15, 20, 7, 10]"
633,https://www.parfumo.com/Perfumes/Escentric_Molecules/Molecule_01,Molecule 01  ,Escentric Molecules,2006,2000,['ISO-E-Super'],"['Daily', 'Sport', 'Leisure', 'Night Out', 'Business', 'Evening']","[23, 15, 21, 10, 19, 11]",7.6,7.4,6.6,6.1,6.7,"['Winter', 'Fall', 'Summer', 'Spring']","[19, 25, 28, 29]","['Masculine', 'Feminine', 'Classic', 'Modern']","[34, 28, 16, 22]","['Spicy', 'Synthetic', 'Woody', 'Fresh']","[7, 31, 37, 25]"
634,https://www.parfumo.com/Perfumes/Tom_Ford/Tuscan_Leather_Eau_de_Parfum,Tuscan Leather ,Tom Ford,2007,2000,"['Raspberry', 'Saffron', 'Thyme', 'Frankincense', 'Jasmine', 'Leather', 'Black suede', 'Amber', 'Woods']","['Daily', 'Leisure', 'Night Out', 'Business', 'Evening']","[8, 18, 32, 9, 32]",8.3,8.5,8.1,8.2,6.4,"['Winter', 'Fall', 'Summer', 'Spring']","[37, 38, 6, 19]","['Masculine', 'Feminine', 'Classic', 'Modern']","[49, 12, 26, 13]","['Spicy', 'Sweet', 'Smoky', 'Oriental', 'Leathery', 'Woody', 'Fruity', 'Animal']","[15, 7, 16, 5, 26, 13, 13, 5]"
635,https://www.parfumo.com/Perfumes/Jil_Sander/Sun_Men_Eau_de_Toilette,Sun Men ,Jil Sander,2002,2000,"['Calone', 'Bergamot', 'Rosemary', 'Frangipani', 'Cardamom', 'Musk', 'Nutmeg', 'Amber', 'Cedarwood']","['Daily', 'Sport', 'Leisure', 'Night Out', 'Business', 'Evening']","[26, 16, 27, 8, 16, 7]",7.5,6.4,6.3,6.3,8.5,"['Winter', 'Fall', 'Summer', 'Spring']","[5, 11, 48, 36]","['Masculine', 'Feminine', 'Classic', 'Modern']","[45, 9, 11, 34]","['Citrus', 'Spicy', 'Synthetic', 'Sweet', 'Woody', 'Fruity', 'Fresh', 'Creamy', 'Floral', 'Aquatic']","[11, 8, 6, 17, 6, 12, 23, 5, 5, 6]"
636,https://www.parfumo.com/Perfumes/mugler/Alien,Alien ,Mugler,2005,2000,"['Jasmine sambac', 'Ambergris', 'Cashmere wood']","['Daily', 'Leisure', 'Night Out', 'Business', 'Evening']","[12, 15, 34, 7, 33]",7.4,8.9,8.7,7.8,7.7,"['Winter', 'Fall', 'Summer', 'Spring']","[35, 34, 10, 20]","['Feminine', 'Classic', 'Modern']","[54, 20, 27]","['Spicy', 'Synthetic', 'Sweet', 'Powdery', 'Oriental', 'Woody', 'Floral']","[7, 10, 22, 7, 17, 10, 26]"
637,https://www.parfumo.com/Perfumes/Tom_Ford/Black_Orchid_Eau_de_Parfum,Black Orchid ,Tom Ford,2006,2000,"['Black truffle', 'Blackcurrant', 'Ylang-ylang', 'Bergamot', 'Black orchid', 'Floral notes', 'Fruity notes', 'Lotus wood', 'Balsam', 'Frankincense', 'Patchouli', 'Sandalwood', 'Vanilla', 'Vetiver']","['Daily', 'Leisure', 'Night Out', 'Business', 'Evening']","[7, 14, 36, 6, 37]",7.6,8.7,8.3,8.0,7.1,"['Winter', 'Fall', 'Summer', 'Spring']","[39, 38, 7, 17]","['Masculine', 'Feminine', 'Classic', 'Modern']","[25, 41, 21, 13]","['Spicy', 'Sweet', 'Smoky', 'Oriental', 'Woody', 'Gourmand', 'Fruity', 'Earthy', 'Floral']","[14, 15, 6, 16, 9, 6, 8, 7, 18]"
638,https://www.parfumo.com/Perfumes/Xerjoff/uden,Uden  ,XerJoff,2007,2000,"['Lemon', 'Grapefruit', 'Sandalwood', 'Gaiac wood', 'Rose', 'Rum', 'Vanilla', 'Musk', 'Ambergris', 'Coffee']","['Daily', 'Sport', 'Leisure', 'Night Out', 'Business', 'Evening']","[22, 6, 22, 16, 18, 15]",8.6,7.7,7.4,9.0,6.6,"['Winter', 'Fall', 'Summer', 'Spring']","[10, 23, 32, 35]","['Masculine', 'Feminine', 'Classic', 'Modern']","[42, 18, 16, 23]","['Citrus', 'Spicy', 'Sweet', 'Woody', 'Fruity', 'Fresh', 'Creamy']","[23, 7, 17, 12, 6, 22, 13]"
639,https://www.parfumo.com/Perfumes/Chanel/Allure_Homme_Sport_Eau_de_Toilette,Allure Homme Sport ,Chanel,2004,2000,"['Mandarin orange', 'Seawater', 'Orange', 'Aldehydes', 'Cedar', 'Neroli', 'Pepper', 'Musk', 'Tonka bean', 'Amber', 'Vanilla', 'Vetiver']","['Daily', 'Sport', 'Leisure', 'Night Out', 'Business', 'Evening']","[23, 19, 24, 8, 19, 7]",7.8,7.0,6.8,7.3,7.0,"['Winter', 'Fall', 'Summer', 'Spring']","[7, 19, 37, 36]","['Masculine', 'Feminine', 'Classic', 'Modern']","[47, 4, 15, 33]","['Citrus', 'Spicy', 'Synthetic', 'Sweet', 'Woody', 'Fruity', 'Fresh', 'Aquatic']","[22, 8, 6, 7, 7, 8, 26, 15]"
640,https://www.parfumo.com/Perfumes/Editions_de_Parfum_Frederic_Malle/musc-ravageur-eau-de-parfum,Musc Ravageur ,Editions de Parfums Frédéric Malle,2000,2000,"['Cinnamon', 'Lavender', 'Bergamot', 'Mandarin orange', 'Musk', 'Vanilla', 'Amber', 'Musk', 'Patchouli', 'Sandalwood']","['Daily', 'Leisure', 'Night Out', 'Business', 'Evening']","[11, 19, 30, 8, 32]",8.1,8.5,7.9,7.6,6.9,"['Winter', 'Fall', 'Summer', 'Spring']","[36, 37, 7, 20]","['Masculine', 'Feminine', 'Classic', 'Modern']","[41, 24, 23, 12]","['Spicy', 'Sweet', 'Powdery', 'Oriental', 'Woody', 'Resinous', 'Gourmand', 'Creamy', 'Animal']","[20, 18, 8, 11, 10, 5, 7, 6, 15]"
641,https://www.parfumo.com/Perfumes/Byredo/Bal_d_Afrique_Eau_de_Parfum,Bal d'Afrique ,Byredo,2009,2000,"['Tagetes', 'Bergamot', 'Buchu', 'Lemon', 'Neroli', 'Cyclamen', 'Violet', 'Jasmine', 'Musk', 'Vetiver', 'Amber', 'Atlas cedar']","['Daily', 'Sport', 'Leisure', 'Night Out', 'Business', 'Evening']","[26, 6, 25, 11, 21, 11]",8.1,6.8,6.5,7.7,6.2,"['Winter', 'Fall', 'Summer', 'Spring']","[10, 20, 34, 36]","['Masculine', 'Feminine', 'Classic', 'Modern']","[20, 44, 13, 23]","['Citrus', 'Spicy', 'Sweet', 'Woody', 'Fruity', 'Fresh', 'Creamy', 'Floral']","[13, 5, 13, 8, 16, 17, 9, 20]"
642,https://www.parfumo.com/Perfumes/Hermes/Terre_d_Hermes_Parfum,Terre d'Hermès ,Hermès,2009,2000,"['Grapefruit', 'Cedarwood', 'Shiso', 'Benzoin']","['Daily', 'Sport', 'Leisure', 'Night Out', 'Business', 'Evening']","[21, 4, 20, 16, 21, 18]",8.3,8.1,7.6,7.8,7.6,"['Winter', 'Fall', 'Summer', 'Spring']","[20, 30, 21, 28]","['Masculine', 'Feminine', 'Classic', 'Modern']","[48, 5, 30, 17]","['Citrus', 'Spicy', 'Woody', 'Green', 'Fruity', 'Fresh', 'Earthy']","[16, 17, 22, 8, 5, 13, 19]"
643,https://www.parfumo.com/Perfumes/Acqua_di_Parma/fico-di-amalfi,Fico di Amalfi  ,Acqua di Parma,2006,2000,"['Grapefruit', 'Italian bergamot', 'Italian lemon', 'Fig nectar', 'Jasmine', 'Pink pepper', 'Fig wood', 'Benzoin', 'Cedarwood']","['Daily', 'Sport', 'Leisure', 'Night Out', 'Business', 'Evening']","[27, 13, 28, 7, 18, 7]",8.2,5.7,5.7,7.7,7.0,"['Fall', 'Summer', 'Spring']","[8, 53, 40]","['Masculine', 'Feminine', 'Classic', 'Modern']","[34, 29, 14, 22]","['Citrus', 'Sweet', 'Woody', 'Green', 'Fruity', 'Fresh', 'Aquatic']","[22, 9, 7, 12, 21, 24, 5]"
644,https://www.parfumo.com/Perfumes/Guerlain/Angelique_Noire,Angélique Noire  ,Guerlain,2005,2000,"['Angelica seed', 'Pear', 'Pink pepper', 'Jasmine sambac', 'Caraway', 'Vanilla', 'Angelica root', 'Cedarwood']","['Daily', 'Leisure', 'Night Out', 'Business', 'Evening']","[18, 18, 24, 14, 25]",8.6,8.0,7.4,8.8,6.5,"['Winter', 'Fall', 'Summer', 'Spring']","[30, 34, 11, 25]","['Masculine', 'Feminine', 'Classic', 'Modern']","[14, 47, 24, 15]","['Spicy', 'Sweet', 'Powdery', 'Oriental', 'Woody', 'Green', 'Gourmand', 'Fruity', 'Creamy', 'Floral']","[15, 19, 7, 5, 6, 10, 10, 6, 7, 15]"
645,https://www.parfumo.com/Perfumes/Tauer/no-02-l-air-du-desert-marocain-eau-de-toilette-intense,№ 02 - L'Air du Désert Marocain ,Tauer Perfumes,2005,2000,"['Cumin', 'Coriander', 'Petitgrain', 'Cistus', 'Jasmine', 'Ambergris', 'Cedarwood', 'Vetiver']","['Daily', 'Leisure', 'Night Out', 'Business', 'Evening']","[12, 22, 27, 9, 30]",8.5,8.7,8.1,7.7,7.6,"['Winter', 'Fall', 'Summer', 'Spring']","[33, 35, 13, 20]","['Masculine', 'Feminine', 'Classic', 'Modern']","[44, 21, 23, 12]","['Spicy', 'Sweet', 'Smoky', 'Oriental', 'Woody', 'Resinous', 'Earthy']","[22, 6, 12, 20, 17, 14, 8]"
646,https://www.parfumo.com/Perfumes/Montblanc/Individuel_Eau_de_Toilette,Individuel ,Montblanc,2003,2000,"['Juniper berry', 'Bergamot', 'Cinnamon', 'Lavender', 'Mint', 'Coriander', 'Rosemary', 'Geranium', 'Orange blossom', 'Jasmine', 'Violet', 'Raspberry', 'Vanilla', 'Amber', 'Musk', 'Oakmoss', 'Patchouli', 'Sandalwood', 'Tonka bean', 'Dark chocolate', 'Vetiver']","['Daily', 'Sport', 'Leisure', 'Night Out', 'Business', 'Evening']","[24, 9, 23, 12, 21, 12]",7.3,7.2,6.8,7.2,8.5,"['Winter', 'Fall', 'Summer', 'Spring']","[18, 28, 22, 32]","['Masculine', 'Feminine', 'Classic', 'Modern']","[48, 6, 14, 33]","['Spicy', 'Synthetic', 'Sweet', 'Woody', 'Fruity', 'Fresh', 'Floral']","[9, 15, 23, 5, 21, 19, 7]"
647,https://www.parfumo.com/Perfumes/Chanel/Coco_Mademoiselle,Coco Mademoiselle ,Chanel,2001,2000,"['Orange', 'Bergamot', 'Mandarin orange', 'Orange blossom', 'Jasmine', 'Mimosa', 'Ylang-ylang', 'Rose', 'Patchouli', 'Vetiver', 'White musk', 'Opoponax', 'Tonka bean', 'Vanilla']","['Daily', 'Leisure', 'Night Out', 'Business', 'Evening']","[22, 19, 21, 18, 21]",7.8,8.2,7.8,8.4,7.2,"['Winter', 'Fall', 'Summer', 'Spring']","[21, 28, 21, 30]","['Feminine', 'Classic', 'Modern']","[52, 23, 25]","['Citrus', 'Spicy', 'Sweet', 'Powdery', 'Oriental', 'Woody', 'Fruity', 'Fresh', 'Floral']","[8, 5, 16, 11, 6, 5, 12, 12, 24]"
648,https://www.parfumo.com/Perfumes/Guerlain/cuir-beluga,Cuir Béluga  ,Guerlain,2005,2000,"['Aldehydes', 'Mandarin orange', 'Everlasting flower', 'Patchouli', 'Vanilla', 'Suede', 'Amber', 'Heliotrope']","['Daily', 'Leisure', 'Night Out', 'Business', 'Evening']","[16, 18, 25, 13, 27]",8.5,8.0,7.1,8.7,6.4,"['Winter', 'Fall', 'Summer', 'Spring']","[36, 37, 7, 20]","['Masculine', 'Feminine', 'Classic', 'Modern']","[25, 41, 21, 13]","['Spicy', 'Sweet', 'Powdery', 'Oriental', 'Leathery', 'Gourmand', 'Creamy']","[11, 22, 19, 7, 18, 14, 9]"
649,https://www.parfumo.com/Perfumes/Versace/Versace_pour_Homme,Versace pour Homme ,Versace,2008,2000,"['Bergamot', 'Bitter orange leaf', 'Lemon', 'Neroli', 'Cedarwood', 'Clary sage', 'Geranium', 'Hyacinth', 'Musk', 'Mineral amber', 'Tonka bean', 'Oud']","['Daily', 'Sport', 'Leisure', 'Night Out', 'Business', 'Evening']","[25, 18, 23, 7, 21, 6]",7.8,6.4,6.3,7.7,8.1,"['Winter', 'Fall', 'Summer', 'Spring']","[5, 13, 44, 39]","['Masculine', 'Classic', 'Modern']","[48, 16, 37]","['Citrus', 'Spicy', 'Synthetic', 'Sweet', 'Woody', 'Fresh', 'Floral', 'Aquatic']","[23, 6, 9, 5, 5, 26, 8, 20]"
650,https://www.parfumo.com/Perfumes/Serge_Lutens/chergui-eau-de-parfum,Chergui ,Serge Lutens,2001,2000,"['Hay', 'Immortelle', 'Russian leather']","['Daily', 'Leisure', 'Night Out', 'Business', 'Evening']","[13, 20, 28, 10, 30]",8.1,8.3,7.5,7.8,7.6,"['Winter', 'Fall', 'Summer', 'Spring']","[38, 39, 7, 16]","['Masculine', 'Feminine', 'Classic', 'Modern']","[38, 32, 19, 11]","['Spicy', 'Sweet', 'Smoky', 'Powdery', 'Oriental', 'Leathery', 'Woody', 'Resinous', 'Gourmand']","[19, 16, 8, 5, 18, 5, 13, 9, 5]"
651,https://www.parfumo.com/Perfumes/Guerlain/L_Instant_de_Guerlain_pour_Homme_Eau_de_Parfum,L'Instant de Guerlain pour Homme ,Guerlain,2005,2000,"['Star anise', 'Citrus notes', 'Elemi resin', 'Patchouli blossom', 'Jasmine', 'Neroli', 'Cocoa', 'Patchouli', 'Cedar', 'Sandalwood', 'Hibiscus seed', 'Tea']","['Daily', 'Leisure', 'Night Out', 'Business', 'Evening']","[15, 15, 26, 15, 28]",8.3,8.5,7.7,7.7,8.0,"['Winter', 'Fall', 'Summer', 'Spring']","[37, 37, 6, 20]","['Masculine', 'Feminine', 'Classic', 'Modern']","[50, 9, 27, 14]","['Citrus', 'Spicy', 'Sweet', 'Powdery', 'Oriental', 'Woody', 'Resinous', 'Gourmand', 'Earthy']","[6, 17, 15, 8, 11, 14, 5, 17, 7]"
652,https://www.parfumo.com/Perfumes/Hermes/Un_Jardin_sur_le_Nil,Un Jardin sur le Nil  ,Hermès,2005,2000,"['Green mango', 'Lotus', 'Calamus', 'Frankincense', 'Sycamore maple']","['Daily', 'Sport', 'Leisure', 'Night Out', 'Business', 'Evening']","[27, 14, 26, 6, 22, 5]",7.7,6.7,6.1,7.8,7.0,"['Fall', 'Summer', 'Spring']","[10, 47, 42]","['Masculine', 'Feminine', 'Classic', 'Modern']","[27, 39, 15, 19]","['Citrus', 'Spicy', 'Green', 'Fruity', 'Fresh', 'Floral', 'Aquatic']","[17, 6, 23, 13, 24, 10, 6]"
653,https://www.parfumo.com/Perfumes/Tom_Ford/Noir_de_Noir_Eau_de_Parfum,Noir de Noir ,Tom Ford,2007,2000,"['Saffron', 'Black rose', 'Black truffle', 'Floral notes', 'Patchouli', 'Oud', 'Vanilla', 'Moss']","['Daily', 'Leisure', 'Night Out', 'Business', 'Evening']","[7, 15, 35, 7, 36]",8.2,8.3,7.8,8.3,6.4,"['Winter', 'Fall', 'Summer', 'Spring']","[38, 39, 6, 17]","['Masculine', 'Feminine', 'Classic', 'Modern']","[34, 34, 19, 13]","['Spicy', 'Sweet', 'Oriental', 'Woody', 'Gourmand', 'Earthy', 'Floral']","[19, 15, 15, 13, 7, 10, 22]"
654,https://www.parfumo.com/Perfumes/Narciso_Rodriguez/For_Her_Eau_de_Toilette,For Her ,Narciso Rodriguez,2003,2000,"['Musk', 'Osmanthus', 'Amber', 'Patchouli']","['Daily', 'Leisure', 'Night Out', 'Business', 'Evening']","[22, 19, 20, 19, 21]",7.8,7.9,7.4,8.1,8.1,"['Winter', 'Fall', 'Summer', 'Spring']","[25, 31, 17, 27]","['Masculine', 'Feminine', 'Classic', 'Modern']","[5, 51, 23, 21]","['Spicy', 'Sweet', 'Powdery', 'Woody', 'Fresh', 'Creamy', 'Floral', 'Animal']","[7, 12, 23, 11, 9, 8, 25, 5]"
655,https://www.parfumo.com/Perfumes/Giorgio_Armani/Armani_Code_Black_Code_Eau_de_Toilette,Armani Code ,Giorgio Armani,2004,2000,"['Bergamot', 'Lemon', 'Star anise', 'Olive blossom', 'Tonka bean', 'Gaiac wood', 'Leather', 'Tobacco']","['Daily', 'Leisure', 'Night Out', 'Business', 'Evening']","[19, 19, 22, 18, 22]",7.6,6.7,6.5,7.3,7.1,"['Winter', 'Fall', 'Summer', 'Spring']","[28, 32, 14, 26]","['Masculine', 'Classic', 'Modern']","[52, 16, 32]","['Citrus', 'Spicy', 'Synthetic', 'Sweet', 'Oriental', 'Leathery', 'Woody', 'Fresh']","[8, 21, 7, 21, 10, 8, 17, 10]"
656,https://www.parfumo.com/Perfumes/Nautica/Voyage_Eau_de_Toilette,Voyage ,Nautica,2006,2000,"['Apple', 'Leaves', 'Lotus', 'Mimosa', 'Moss', 'Musk', 'Cedar', 'Amber']","['Daily', 'Sport', 'Leisure', 'Business']","[29, 27, 27, 18]",7.0,6.3,6.1,6.4,8.6,"['Fall', 'Summer', 'Spring']","[9, 51, 40]","['Masculine', 'Feminine', 'Classic', 'Modern']","[47, 4, 13, 36]","['Citrus', 'Synthetic', 'Green', 'Fruity', 'Fresh', 'Aquatic']","[5, 17, 11, 9, 28, 30]"
657,https://www.parfumo.com/Perfumes/Chloe/Chloe,Chloé ,Chloé,2007,2000,"['Peony', 'Freesia', 'Lychee', 'Rose', 'Magnolia', 'Lily of the valley', 'Cedarwood', 'Amber']","['Daily', 'Leisure', 'Night Out', 'Business', 'Evening']","[26, 24, 14, 23, 13]",7.5,7.9,7.3,8.1,7.7,"['Winter', 'Fall', 'Summer', 'Spring']","[15, 23, 27, 35]","['Feminine', 'Classic', 'Modern']","[56, 19, 26]","['Sweet', 'Powdery', 'Woody', 'Fruity', 'Fresh', 'Floral']","[12, 20, 6, 7, 23, 33]"
658,https://www.parfumo.com/Perfumes/Dior/La_Collection_Couturier_Parfumeur_Bois_d_Argent,Bois d'Argent  ,Dior,2004,2000,"['Yemenite frankincense', 'Somalian myrrh', 'Florentine iris absolute', 'Indonesian patchouli', 'Woody notes', 'Honey', 'Amber', 'Leather', 'White musk']","['Daily', 'Leisure', 'Night Out', 'Business', 'Evening']","[21, 21, 18, 21, 19]",8.1,7.0,6.2,8.1,6.3,"['Winter', 'Fall', 'Summer', 'Spring']","[23, 31, 18, 29]","['Masculine', 'Feminine', 'Classic', 'Modern']","[38, 26, 19, 16]","['Spicy', 'Sweet', 'Smoky', 'Powdery', 'Woody', 'Resinous', 'Creamy', 'Floral']","[12, 15, 7, 21, 23, 7, 9, 6]"
659,https://www.parfumo.com/Perfumes/Yves_Saint_Laurent/L_Homme_Eau_de_Toilette,L'Homme ,Yves Saint Laurent,2006,2000,"['Ginger', 'Bergamot', 'Lemon', 'Violet', 'Basil', 'Spices', 'White pepper', 'Tonka bean', 'Cedarwood', 'Vetiver']","['Daily', 'Sport', 'Leisure', 'Night Out', 'Business', 'Evening']","[25, 6, 23, 11, 22, 13]",8.0,6.3,6.0,7.5,7.2,"['Winter', 'Fall', 'Summer', 'Spring']","[13, 26, 27, 34]","['Masculine', 'Feminine', 'Classic', 'Modern']","[50, 5, 15, 30]","['Citrus', 'Spicy', 'Sweet', 'Woody', 'Fruity', 'Fresh', 'Floral']","[13, 20, 16, 14, 6, 22, 9]"
660,https://www.parfumo.com/Perfumes/Guerlain/Spiritueuse_Double_Vanille,Spiritueuse Double Vanille  ,Guerlain,2007,2000,"['Frankincense', 'Pink pepper', 'Bergamot', 'Bulgarian rose', 'Jasmine', 'Ylang-ylang', 'Vanilla', 'Rum', 'Benzoin']","['Daily', 'Leisure', 'Night Out', 'Business', 'Evening']","[16, 20, 25, 12, 27]",8.5,7.7,6.8,8.7,6.2,"['Winter', 'Fall', 'Summer', 'Spring']","[36, 37, 8, 18]","['Masculine', 'Feminine', 'Classic', 'Modern']","[26, 40, 19, 15]","['Spicy', 'Sweet', 'Smoky', 'Powdery', 'Oriental', 'Woody', 'Gourmand', 'Creamy', 'Floral']","[14, 22, 7, 7, 9, 5, 23, 7, 5]"
661,https://www.parfumo.com/Perfumes/Dolce_Gabbana/The_One_for_Men,The One for Men ,Dolce & Gabbana,2008,2000,"['Grapefruit', 'Basil', 'Coriander', 'Orange blossom', 'Cardamom', 'Ginger', 'Amber', 'Tobacco', 'Cedar']","['Daily', 'Leisure', 'Night Out', 'Business', 'Evening']","[17, 16, 24, 17, 26]",7.9,5.8,5.7,7.7,6.9,"['Winter', 'Fall', 'Summer', 'Spring']","[28, 35, 13, 25]","['Masculine', 'Classic', 'Modern']","[51, 19, 31]","['Spicy', 'Sweet', 'Oriental', 'Woody', 'Fruity', 'Fresh']","[25, 24, 14, 20, 9, 7]"
662,https://www.parfumo.com/Perfumes/Amouage/Epic_Man,Epic Man  ,Amouage,2009,2000,"['Frankincense', 'Pink pepper', 'Cardamom', 'Myrtle', 'Nutmeg', 'Cumin', 'Mace', 'Saffron', 'Myrrh', 'Geranium', 'Frankincense', 'Leather', 'Castoreum', 'Cedarwood', 'Oud', 'Musk', 'Patchouli', 'Sandalwood']","['Daily', 'Leisure', 'Night Out', 'Business', 'Evening']","[12, 19, 27, 12, 29]",8.0,8.4,8.0,8.7,6.8,"['Winter', 'Fall', 'Summer', 'Spring']","[34, 37, 8, 21]","['Masculine', 'Feminine', 'Classic', 'Modern']","[53, 5, 32, 10]","['Spicy', 'Smoky', 'Oriental', 'Leathery', 'Woody', 'Resinous', 'Green', 'Earthy', 'Animal']","[19, 14, 14, 9, 18, 11, 5, 6, 5]"
663,https://www.parfumo.com/Perfumes/Dolce_Gabbana/light-blue-eau-de-toilette,Light Blue ,Dolce & Gabbana,2001,2000,"['Sicilian citron', 'Apple', 'Bluebell', 'Bamboo', 'Jasmine', 'Rose', 'Cedarwood', 'Musk', 'Amber']","['Daily', 'Sport', 'Leisure', 'Night Out', 'Business', 'Evening']","[27, 17, 25, 5, 20, 5]",7.2,6.3,6.1,6.4,7.0,"['Fall', 'Summer', 'Spring']","[9, 50, 41]","['Masculine', 'Feminine', 'Classic', 'Modern']","[13, 46, 12, 29]","['Citrus', 'Synthetic', 'Sweet', 'Woody', 'Green', 'Fruity', 'Fresh', 'Floral', 'Aquatic']","[23, 5, 5, 6, 5, 10, 25, 8, 12]"
664,https://www.parfumo.com/Perfumes/Kilian/Love,Love Don't Be Shy ,Kilian,2007,2000,"['Orange blossom absolute', 'Marshmallow', 'Neroli', 'Amber', 'Honeysuckle', 'Rose']","['Daily', 'Leisure', 'Night Out', 'Business', 'Evening']","[15, 22, 28, 9, 26]",7.8,8.0,7.6,8.4,6.2,"['Winter', 'Fall', 'Summer', 'Spring']","[29, 32, 13, 26]","['Masculine', 'Feminine', 'Classic', 'Modern']","[7, 53, 12, 28]","['Synthetic', 'Sweet', 'Powdery', 'Gourmand', 'Fruity', 'Creamy', 'Floral']","[6, 29, 11, 21, 7, 8, 18]"
665,https://www.parfumo.com/Perfumes/Guerlain/L_Instant_Magic,L'Instant Magic ,Guerlain,2007,2000,"['Bergamot', 'Freesia', 'Rose', 'Almond', 'White musk', 'Woods']","['Daily', 'Leisure', 'Night Out', 'Business', 'Evening']","[23, 21, 18, 19, 19]",8.2,8.0,7.1,8.0,7.4,"['Winter', 'Fall', 'Summer', 'Spring']","[25, 30, 16, 29]","['Feminine', 'Classic', 'Modern']","[56, 21, 23]","['Sweet', 'Powdery', 'Woody', 'Gourmand', 'Fresh', 'Creamy', 'Floral']","[21, 28, 5, 8, 6, 8, 23]"
666,https://www.parfumo.com/Perfumes/Versace/Versace_Man_Eau_Fraiche_Eau_de_Toilette,Versace Man Eau Fraîche ,Versace,2005,2000,"['Starfruit', 'White lemon', 'Rosewood', 'Clary sage', 'Tarragon', 'Cedar leaf', 'Musk', 'Amber', 'Sycamore wood']","['Daily', 'Sport', 'Leisure', 'Night Out', 'Business', 'Evening']","[25, 22, 26, 6, 17, 5]",7.6,6.2,6.1,6.9,7.8,"['Fall', 'Summer', 'Spring']","[7, 52, 41]","['Masculine', 'Feminine', 'Classic', 'Modern']","[45, 6, 13, 36]","['Citrus', 'Synthetic', 'Sweet', 'Woody', 'Fruity', 'Fresh', 'Aquatic']","[22, 10, 6, 7, 9, 26, 21]"
667,https://www.parfumo.com/Perfumes/Kilian/back-to-black-aphrodisiac-perfume,"Back to Black, Aphrodisiac ",Kilian,2009,2000,"['Chamomile', 'Bergamot', 'Cardamom', 'Coriander', 'Nutmeg', 'Raspberry', 'Honey', 'Cedarwood', 'Frankincense', 'Oakmoss', 'Patchouli', 'Vetiver', 'Bitter almond', 'Ambergris', 'Labdanum', 'Vanilla absolute']","['Daily', 'Leisure', 'Night Out', 'Business', 'Evening']","[9, 18, 32, 7, 34]",7.8,8.6,7.8,8.5,6.6,"['Winter', 'Fall', 'Summer', 'Spring']","[42, 38, 5, 15]","['Masculine', 'Feminine', 'Classic', 'Modern']","[34, 34, 16, 16]","['Spicy', 'Sweet', 'Smoky', 'Powdery', 'Oriental', 'Woody', 'Resinous', 'Gourmand', 'Fruity']","[14, 23, 6, 5, 11, 7, 5, 20, 10]"
668,https://www.parfumo.com/Perfumes/Tom_Ford/Grey_Vetiver,Grey Vetiver ,Tom Ford,2009,2000,"['Grapefruit', 'Orange blossom', 'Sage', 'Woods', 'Nutmeg', 'Iris', 'Pimento', 'Vetiver', 'Oakmoss', 'Amberwood']","['Daily', 'Sport', 'Leisure', 'Night Out', 'Business', 'Evening']","[25, 6, 21, 11, 25, 12]",7.9,7.6,6.9,7.7,6.9,"['Winter', 'Fall', 'Summer', 'Spring']","[12, 26, 30, 33]","['Masculine', 'Feminine', 'Classic', 'Modern']","[49, 7, 28, 16]","['Citrus', 'Spicy', 'Woody', 'Green', 'Fresh', 'Earthy']","[16, 13, 18, 21, 24, 9]"
669,https://www.parfumo.com/Perfumes/Xerjoff/Casamorati_1888_Mefisto,Casamorati - Mefisto  ,XerJoff,2008,2000,"['Bergamot', 'Grapefruit', 'Lavender', 'Calabrian lemon', 'Rose absolute', 'Florentine iris', 'Musk', 'Amber', 'Cedarwood', 'Mysore sandalwood']","['Daily', 'Sport', 'Leisure', 'Night Out', 'Business', 'Evening']","[25, 12, 24, 10, 20, 9]",7.9,7.5,7.1,8.4,6.8,"['Winter', 'Fall', 'Summer', 'Spring']","[4, 16, 41, 39]","['Masculine', 'Feminine', 'Classic', 'Modern']","[43, 14, 19, 24]","['Citrus', 'Spicy', 'Sweet', 'Woody', 'Green', 'Fruity', 'Fresh', 'Floral', 'Aquatic']","[24, 5, 5, 7, 9, 5, 24, 16, 6]"
670,https://www.parfumo.com/Perfumes/Nasomatto/Duro,Duro ,Nasomatto,2007,2000,[],"['Daily', 'Leisure', 'Night Out', 'Business', 'Evening']","[9, 18, 31, 9, 32]",8.1,8.9,8.3,8.6,7.1,"['Winter', 'Fall', 'Summer', 'Spring']","[37, 38, 6, 18]","['Masculine', 'Feminine', 'Classic', 'Modern']","[51, 11, 26, 13]","['Spicy', 'Smoky', 'Oriental', 'Leathery', 'Woody', 'Resinous', 'Earthy', 'Animal']","[17, 9, 9, 13, 22, 16, 7, 6]"
671,https://www.parfumo.com/Perfumes/Prada/Amber_pour_Homme_Eau_de_Toilette,Amber pour Homme ,Prada,2006,2000,"['Cardamom', 'Neroli', 'Bergamot', 'Mandarin orange', 'Musk', 'Orange blossom', 'Geranium', 'Myrrh', 'Vetiver', 'Labdanum', 'Vanilla', 'Patchouli', 'Saffron', 'Sandalwood', 'Tonka bean', 'Leather']","['Daily', 'Sport', 'Leisure', 'Night Out', 'Business', 'Evening']","[22, 5, 20, 15, 22, 16]",7.9,7.8,7.2,7.8,7.9,"['Winter', 'Fall', 'Summer', 'Spring']","[19, 28, 22, 31]","['Masculine', 'Feminine', 'Classic', 'Modern']","[45, 13, 21, 21]","['Spicy', 'Sweet', 'Powdery', 'Oriental', 'Woody', 'Fresh', 'Creamy', 'Floral']","[11, 14, 24, 6, 8, 20, 6, 13]"
672,https://www.parfumo.com/Perfumes/Profumum_Roma/Acqua_e_Zucchero,Acqua e Zucchero  ,Profumum Roma,2002,2000,"['Vanilla', 'Orange blossom', 'Forest fruits']","['Daily', 'Leisure', 'Night Out', 'Business', 'Evening']","[16, 24, 25, 12, 25]",8.2,9.1,8.7,7.4,7.1,"['Winter', 'Fall', 'Summer', 'Spring']","[28, 31, 15, 26]","['Masculine', 'Feminine', 'Classic', 'Modern']","[24, 38, 14, 24]","['Sweet', 'Powdery', 'Gourmand', 'Fruity', 'Creamy', 'Floral']","[33, 8, 24, 20, 7, 8]"
673,https://www.parfumo.com/Perfumes/Van_Cleef_Arpels/orchidee-vanille,Orchidée Vanille  ,Van Cleef & Arpels,2009,2000,"['Mandarin orange', 'Lychee', 'Bitter almond', 'Bulgarian rose', 'Violet', 'Vanilla absolute', 'Tonka bean', 'Cedar']","['Daily', 'Leisure', 'Night Out', 'Business', 'Evening']","[22, 21, 18, 18, 21]",8.3,7.2,6.5,8.3,7.3,"['Winter', 'Fall', 'Summer', 'Spring']","[32, 35, 10, 23]","['Masculine', 'Feminine', 'Classic', 'Modern']","[10, 49, 20, 20]","['Spicy', 'Sweet', 'Powdery', 'Oriental', 'Gourmand', 'Fruity', 'Creamy', 'Floral']","[5, 25, 13, 5, 22, 5, 11, 14]"
674,https://www.parfumo.com/Perfumes/Burberry/London_for_Men_Eau_de_Toilette,London for Men ,Burberry,2006,2000,"['Cinnamon leaf', 'Black pepper', 'Lavender', 'Bergamot', 'Port wine', 'Leather', 'Mimosa', 'Gaiac wood', 'Oak bark', 'Tobacco', 'Opoponax']","['Daily', 'Leisure', 'Night Out', 'Business', 'Evening']","[19, 21, 20, 15, 25]",7.9,6.6,6.3,7.1,8.3,"['Winter', 'Fall', 'Summer', 'Spring']","[41, 39, 5, 15]","['Masculine', 'Feminine', 'Classic', 'Modern']","[48, 6, 25, 20]","['Spicy', 'Sweet', 'Oriental', 'Leathery', 'Woody', 'Gourmand']","[27, 17, 12, 13, 24, 7]"
675,https://www.parfumo.com/Perfumes/Creed/Himalaya,Himalaya  ,Creed,2002,2000,"['Bergamot', 'Lemon', 'Mandarin orange', 'Juniper berry', 'Lavender', 'Pepper', 'Jasmine', 'Nutmeg', 'Gun powder', 'Cedarwood', 'Sandalwood', 'Tonka bean', 'Vetiver']","['Daily', 'Sport', 'Leisure', 'Night Out', 'Business', 'Evening']","[24, 12, 23, 9, 23, 8]",7.7,7.0,6.6,7.8,5.7,"['Winter', 'Fall', 'Summer', 'Spring']","[10, 21, 33, 35]","['Masculine', 'Feminine', 'Classic', 'Modern']","[48, 9, 22, 22]","['Citrus', 'Spicy', 'Woody', 'Green', 'Fresh', 'Aquatic']","[23, 16, 16, 8, 27, 9]"
676,https://www.parfumo.com/Perfumes/Jean_Paul_Gaultier/Gaultier_2,Gaultier²  ,Jean Paul Gaultier,2005,2000,"['Vanilla', 'Amber', 'Musk']","['Daily', 'Leisure', 'Night Out', 'Business', 'Evening']","[13, 17, 31, 8, 32]",7.9,8.7,8.3,7.4,7.6,"['Winter', 'Fall', 'Summer', 'Spring']","[38, 37, 7, 17]","['Masculine', 'Feminine', 'Classic', 'Modern']","[36, 33, 11, 20]","['Spicy', 'Synthetic', 'Sweet', 'Powdery', 'Oriental', 'Woody', 'Gourmand', 'Animal']","[12, 6, 26, 13, 18, 7, 13, 5]"
677,https://www.parfumo.com/Perfumes/Yves_Saint_Laurent/Cinema_Eau_de_Parfum,Cinéma ,Yves Saint Laurent,2004,2000,"['Almond', 'Clementine', 'Cyclamen', 'Jasmine sambac', 'Amaryllis', 'Vanilla', 'Amber', 'White musk']","['Daily', 'Leisure', 'Night Out', 'Business', 'Evening']","[21, 20, 20, 17, 22]",8.0,7.6,6.9,8.2,7.8,"['Winter', 'Fall', 'Summer', 'Spring']","[27, 32, 15, 25]","['Feminine', 'Classic', 'Modern']","[56, 25, 19]","['Citrus', 'Spicy', 'Sweet', 'Powdery', 'Oriental', 'Gourmand', 'Fruity', 'Fresh', 'Creamy', 'Floral']","[7, 5, 22, 12, 8, 7, 6, 5, 7, 20]"
678,https://www.parfumo.com/Perfumes/Shiseido/Zen_2007_Eau_de_Parfum,Zen ,Shiseido / 資生堂,2007,2000,"['Pineapple', 'Peach', 'Bergamot', 'Blue rose', 'Grapefruit', 'Freesia', 'Gardenia', 'Red apple', 'Chinese rose', 'Hyacinth', 'Lily of the valley', 'Lotus', 'Violet', 'Patchouli', 'Cedarwood', 'Marine notes', 'Amber', 'Frankincense', 'White musk', 'Musk']","['Daily', 'Sport', 'Leisure', 'Night Out', 'Business', 'Evening']","[25, 8, 23, 11, 23, 10]",7.8,7.2,6.7,6.4,8.3,"['Winter', 'Fall', 'Summer', 'Spring']","[14, 23, 30, 33]","['Masculine', 'Feminine', 'Classic', 'Modern']","[8, 52, 19, 21]","['Citrus', 'Spicy', 'Sweet', 'Woody', 'Fruity', 'Fresh', 'Floral']","[10, 9, 7, 12, 15, 23, 23]"
679,https://www.parfumo.com/Perfumes/Dolce_Gabbana/l-imperatrice,L'Impératrice  ,Dolce & Gabbana,2009,2000,"['Kiwi', 'Rhubarb', 'Red currant', 'Watermelon', 'Pink cyclamen', 'Grapefruit wood', 'Musk', 'Sandalwood']","['Daily', 'Sport', 'Leisure', 'Night Out', 'Business', 'Evening']","[28, 11, 28, 7, 20, 6]",7.4,6.4,6.2,7.3,7.9,"['Fall', 'Summer', 'Spring']","[8, 49, 43]","['Masculine', 'Feminine', 'Classic', 'Modern']","[6, 51, 9, 34]","['Citrus', 'Synthetic', 'Sweet', 'Fruity', 'Fresh', 'Floral', 'Aquatic']","[5, 6, 19, 30, 22, 12, 6]"
680,https://www.parfumo.com/Perfumes/Byredo/Gypsy_Water_Eau_de_Parfum,Gypsy Water ,Byredo,2008,2000,"['Juniper berry', 'Lemon', 'Bergamot', 'Pepper', 'Pine needle', 'Iris', 'Frankincense', 'Vanilla', 'Sandalwood', 'Amber']","['Daily', 'Sport', 'Leisure', 'Night Out', 'Business', 'Evening']","[25, 7, 26, 9, 22, 11]",7.7,6.3,5.7,7.7,5.6,"['Winter', 'Fall', 'Summer', 'Spring']","[13, 27, 27, 32]","['Masculine', 'Feminine', 'Classic', 'Modern']","[33, 37, 11, 18]","['Citrus', 'Spicy', 'Sweet', 'Smoky', 'Powdery', 'Woody', 'Green', 'Fresh', 'Creamy']","[14, 16, 10, 5, 7, 20, 7, 15, 6]"
681,https://www.parfumo.com/Perfumes/Guerlain/Aqua_Allegoria_Mandarine_Basilic,Aqua Allegoria Mandarine Basilic  ,Guerlain,2007,2000,"['Clementine', 'Bitter orange', 'Green tea', 'Ivy', 'Neroli', 'Mandarin orange', 'Basil', 'Chamomile', 'Peony', 'Amber', 'Sandalwood']","['Daily', 'Sport', 'Leisure', 'Night Out', 'Business', 'Evening']","[27, 14, 27, 5, 22, 5]",7.8,6.0,5.7,8.4,6.8,"['Winter', 'Fall', 'Summer', 'Spring']","[5, 9, 47, 39]","['Masculine', 'Feminine', 'Classic', 'Modern']","[19, 44, 15, 22]","['Citrus', 'Spicy', 'Sweet', 'Green', 'Fruity', 'Fresh', 'Floral']","[24, 7, 5, 14, 20, 24, 6]"
682,https://www.parfumo.com/Perfumes/Montale/Chocolate_Greedy,Chocolate Greedy  ,Montale,2007,2000,"['Dried fruits', 'Bitter orange', 'Cocoa', 'Bourbon vanilla']","['Daily', 'Leisure', 'Night Out', 'Business', 'Evening']","[12, 27, 24, 7, 30]",7.5,8.4,7.9,6.8,7.5,"['Winter', 'Fall', 'Summer', 'Spring']","[46, 40, 4, 10]","['Masculine', 'Feminine', 'Classic', 'Modern']","[26, 40, 10, 24]","['Spicy', 'Synthetic', 'Sweet', 'Powdery', 'Oriental', 'Gourmand', 'Fruity', 'Creamy']","[8, 6, 30, 9, 4, 32, 5, 6]"
683,https://www.parfumo.com/Perfumes/Tom_Ford/Neroli_Portofino_Eau_de_Parfum,Neroli Portofino ,Tom Ford,2007,2000,"['Bergamot', 'Orange blossom', 'Mandarin orange', 'Amber', 'Vanilla']","['Daily', 'Sport', 'Leisure', 'Night Out', 'Business', 'Evening']","[25, 16, 26, 9, 18, 7]",7.3,6.3,6.0,8.1,4.8,"['Fall', 'Summer', 'Spring']","[9, 51, 40]","['Masculine', 'Feminine', 'Classic', 'Modern']","[39, 27, 16, 19]","['Citrus', 'Sweet', 'Green', 'Fruity', 'Fresh', 'Floral', 'Aquatic']","[26, 6, 9, 7, 27, 14, 12]"
684,https://www.parfumo.com/Perfumes/Viktor_Rolf/Flowerbomb,Flowerbomb ,Viktor & Rolf,2004,2000,"['Tea', 'Bergamot', 'Orchid', 'Freesia', 'Jasmine', 'Patchouli', 'Rose']","['Daily', 'Leisure', 'Night Out', 'Business', 'Evening']","[19, 22, 25, 11, 23]",7.4,7.8,7.4,8.0,7.3,"['Winter', 'Fall', 'Summer', 'Spring']","[27, 31, 16, 26]","['Feminine', 'Classic', 'Modern']","[56, 11, 33]","['Synthetic', 'Sweet', 'Powdery', 'Oriental', 'Gourmand', 'Fruity', 'Floral']","[6, 29, 11, 5, 12, 9, 26]"
685,https://www.parfumo.com/Perfumes/Xerjoff/Bouquet_Ideale,Casamorati - Bouquet Ideale ,XerJoff,2009,2000,"['Cinnamon', 'Nutmeg', 'Gaiac wood', 'Amyris', 'Cedarwood', 'Papyrus', 'Vanilla', 'Coumarin', 'Tobacco flower', 'Musk']","['Daily', 'Leisure', 'Night Out', 'Business', 'Evening']","[15, 21, 27, 10, 27]",8.3,8.0,7.3,8.2,7.0,"['Winter', 'Fall', 'Summer', 'Spring']","[35, 38, 8, 20]","['Masculine', 'Feminine', 'Classic', 'Modern']","[21, 45, 17, 17]","['Spicy', 'Sweet', 'Powdery', 'Oriental', 'Woody', 'Gourmand', 'Creamy', 'Floral']","[21, 23, 5, 13, 11, 13, 6, 8]"
686,https://www.parfumo.com/Perfumes/Salvatore_Ferragamo/F_by_Ferragamo_pour_Homme_Black_Eau_de_Toilette,F by Ferragamo pour Homme Black ,Salvatore Ferragamo,2009,2000,"['Lavender', 'Apple', 'Black pepper', 'Lavender absolute', 'Coriander seed', 'Tonka bean', 'Labdanum']","['Daily', 'Sport', 'Leisure', 'Night Out', 'Business', 'Evening']","[21, 5, 21, 16, 20, 17]",7.4,7.4,7.1,6.3,8.5,"['Winter', 'Fall', 'Summer', 'Spring']","[24, 32, 15, 29]","['Masculine', 'Classic', 'Modern']","[52, 21, 27]","['Spicy', 'Synthetic', 'Sweet', 'Powdery', 'Woody', 'Fruity', 'Fresh']","[25, 13, 19, 9, 8, 9, 18]"
687,https://www.parfumo.com/Perfumes/Creed/Original_Vetiver,Original Vetiver  ,Creed,2004,2000,"['Bergamot', 'Vetiver leaf', 'Bitter orange', 'Mandarin orange', 'Coriander', 'Pink pepper', 'White pepper', 'Vetiver', 'Musk', 'Ambergris', 'Sandalwood']","['Daily', 'Sport', 'Leisure', 'Night Out', 'Business', 'Evening']","[24, 11, 24, 10, 22, 9]",8.0,6.9,6.4,8.0,5.9,"['Winter', 'Fall', 'Summer', 'Spring']","[7, 19, 37, 37]","['Masculine', 'Feminine', 'Classic', 'Modern']","[45, 13, 24, 19]","['Citrus', 'Spicy', 'Woody', 'Green', 'Fresh', 'Earthy']","[20, 12, 12, 25, 25, 7]"
688,https://www.parfumo.com/Perfumes/Maison_Francis_Kurkdjian/lumiere-noire-homme,Lumière Noire Homme  ,Maison Francis Kurkdjian,2009,2000,"['Bulgarian rose', 'Spices', 'Indonesian patchouli', 'Mugwort']","['Daily', 'Leisure', 'Night Out', 'Business', 'Evening']","[17, 20, 23, 16, 24]",8.2,7.9,6.8,8.3,6.9,"['Winter', 'Fall', 'Summer', 'Spring']","[21, 30, 19, 30]","['Masculine', 'Feminine', 'Classic', 'Modern']","[41, 21, 21, 17]","['Spicy', 'Sweet', 'Powdery', 'Oriental', 'Woody', 'Fresh', 'Earthy', 'Floral']","[21, 10, 7, 9, 8, 11, 6, 28]"
689,https://www.parfumo.com/Perfumes/Kenzo/Kenzo_Amour,Kenzo Amour  ,Kenzo,2006,2000,"['Rice steam', 'White tea', 'Heliotrope', 'Cherry blossom', 'Frangipani', 'Vanilla', 'Thanaka wood', 'White musk', 'Frankincense']","['Daily', 'Leisure', 'Night Out', 'Business', 'Evening']","[22, 22, 19, 17, 21]",8.2,7.6,6.9,7.3,8.0,"['Winter', 'Fall', 'Summer', 'Spring']","[33, 34, 10, 24]","['Feminine', 'Classic', 'Modern']","[59, 17, 25]","['Spicy', 'Sweet', 'Powdery', 'Oriental', 'Woody', 'Gourmand', 'Creamy', 'Floral']","[5, 24, 22, 8, 6, 14, 8, 13]"
690,https://www.parfumo.com/Perfumes/mugler/AMen_Pure_Malt,A*Men Pure Malt  ,Mugler,2009,2000,"['Malt CO2', 'Musk', 'Patchouli', 'Whisky', 'Cedarwood', 'Coffee absolute', 'Peat', 'Woods']","['Daily', 'Leisure', 'Night Out', 'Business', 'Evening']","[10, 19, 31, 8, 32]",8.2,8.0,7.6,6.7,7.6,"['Winter', 'Fall', 'Spring']","[41, 42, 17]","['Masculine', 'Feminine', 'Classic', 'Modern']","[48, 8, 20, 24]","['Spicy', 'Sweet', 'Smoky', 'Oriental', 'Woody', 'Gourmand', 'Fruity', 'Earthy']","[16, 22, 6, 11, 15, 19, 7, 6]"
691,https://www.parfumo.com/Perfumes/Guerlain/L_Instant_de_Guerlain_pour_Homme_Eau_de_Toilette,L'Instant de Guerlain pour Homme ,Guerlain,2004,2000,"['Grapefruit', 'Lemon', 'Star anise', 'Bergamot', 'Jasmine', 'Tea', 'Cedar', 'Lavender', 'Sandalwood', 'Cocoa', 'Patchouli', 'Musk', 'Hibiscus seed']","['Daily', 'Leisure', 'Night Out', 'Business', 'Evening']","[20, 19, 19, 19, 22]",8.2,7.6,6.9,7.6,8.0,"['Winter', 'Fall', 'Summer', 'Spring']","[27, 34, 12, 27]","['Masculine', 'Feminine', 'Classic', 'Modern']","[48, 9, 27, 16]","['Citrus', 'Spicy', 'Sweet', 'Powdery', 'Oriental', 'Woody', 'Gourmand', 'Fresh', 'Earthy']","[13, 16, 13, 7, 9, 17, 11, 7, 6]"
692,https://www.parfumo.com/Perfumes/Lacoste/Lacoste_pour_Femme,Pour Femme ,Lacoste,2003,2000,"['Purple freesia', 'Pimento', 'Heliotrope', 'Persian jasmine', 'Hibiscus', 'Bulgarian rose', 'Sensual skin accord', 'Himalaya cedar', 'Mysore sandalwood', 'Frankincense']","['Daily', 'Sport', 'Leisure', 'Night Out', 'Business', 'Evening']","[27, 10, 23, 8, 24, 8]",7.8,6.4,6.0,6.7,8.6,"['Winter', 'Fall', 'Summer', 'Spring']","[16, 24, 28, 32]","['Feminine', 'Classic', 'Modern']","[56, 19, 25]","['Spicy', 'Sweet', 'Powdery', 'Woody', 'Fresh', 'Creamy', 'Floral']","[7, 9, 16, 11, 22, 9, 26]"
693,https://www.parfumo.com/Perfumes/Amouage/Lyric_Man,Lyric Man  ,Amouage,2008,2000,"['Bergamot', 'Lime', 'Rose', 'Angelica', 'Galbanum', 'Orange blossom', 'Ginger', 'Nutmeg', 'Saffron', 'Musk', 'Pine', 'Sandalwood', 'Frankincense', 'Vanilla']","['Daily', 'Leisure', 'Night Out', 'Business', 'Evening']","[16, 20, 25, 14, 25]",7.8,8.4,7.7,8.8,6.9,"['Winter', 'Fall', 'Summer', 'Spring']","[22, 30, 19, 29]","['Masculine', 'Feminine', 'Classic', 'Modern']","[39, 26, 22, 13]","['Citrus', 'Spicy', 'Sweet', 'Powdery', 'Oriental', 'Woody', 'Green', 'Fresh', 'Floral']","[5, 16, 7, 7, 12, 11, 6, 11, 25]"
694,https://www.parfumo.com/Perfumes/Prada/Infusion_d_Iris,Infusion d'Iris ,Prada,2007,2000,"['Galbanum', 'Italian mandarin orange', 'Tunisian neroli', 'Pistachio leaf', 'Iris', 'Vetiver', 'Cedarwood', 'Benzoin Siam', 'Somalian frankincense']","['Daily', 'Sport', 'Leisure', 'Night Out', 'Business', 'Evening']","[26, 6, 22, 11, 23, 12]",7.9,7.3,6.3,7.8,7.2,"['Winter', 'Fall', 'Summer', 'Spring']","[15, 24, 27, 33]","['Masculine', 'Feminine', 'Classic', 'Modern']","[14, 47, 21, 18]","['Citrus', 'Spicy', 'Powdery', 'Woody', 'Green', 'Fresh', 'Floral']","[6, 6, 25, 12, 11, 18, 23]"
695,https://www.parfumo.com/Perfumes/Chanel/Les_Exclusifs_de_Chanel__Coromandel,Coromandel ,Chanel,2007,2000,"['Bitter orange', 'Citrus fruits', 'Neroli', 'Patchouli', 'Orris root', 'Jasmine', 'Rose', 'Amber', 'Benzoin', 'Frankincense', 'Musk', 'Vanilla', 'White chocolate', 'Woods']","['Daily', 'Leisure', 'Night Out', 'Business', 'Evening']","[15, 19, 26, 12, 28]",8.3,8.5,7.7,8.0,7.0,"['Winter', 'Fall', 'Summer', 'Spring']","[34, 35, 10, 21]","['Masculine', 'Feminine', 'Classic', 'Modern']","[25, 44, 22, 9]","['Spicy', 'Sweet', 'Smoky', 'Powdery', 'Oriental', 'Woody', 'Resinous', 'Gourmand', 'Earthy', 'Floral']","[14, 10, 5, 11, 15, 15, 7, 5, 13, 6]"
696,https://www.parfumo.com/Perfumes/Hermes/ambre-narguile,Ambre Narguilé  ,Hermès,2004,2000,"['Amber', 'Roasted sesame']","['Daily', 'Leisure', 'Night Out', 'Business', 'Evening']","[13, 22, 26, 9, 30]",8.4,8.1,7.4,7.8,6.4,"['Winter', 'Fall', 'Summer', 'Spring']","[42, 38, 5, 15]","['Masculine', 'Feminine', 'Classic', 'Modern']","[31, 40, 17, 13]","['Spicy', 'Sweet', 'Oriental', 'Woody', 'Resinous', 'Gourmand', 'Fruity']","[19, 23, 16, 6, 5, 23, 8]"
697,https://www.parfumo.com/Perfumes/Louis_Vuitton/imagination,Imagination  ,Louis Vuitton,2021,2020,"['Chinese black tea CO2', 'Calabrian bergamot', 'Ambrox', 'Ceylonese cinnamon', 'Nigerian ginger', 'Sicilian cedar', 'Tunisian neroli']","['Daily', 'Sport', 'Leisure', 'Night Out', 'Business', 'Evening']","[24, 13, 23, 12, 18, 10]",8.9,7.8,7.6,8.7,6.3,"['Winter', 'Fall', 'Summer', 'Spring']","[5, 14, 43, 38]","['Masculine', 'Feminine', 'Classic', 'Modern']","[43, 13, 14, 30]","['Citrus', 'Spicy', 'Sweet', 'Green', 'Fruity', 'Fresh', 'Aquatic']","[27, 7, 5, 9, 5, 29, 17]"
698,https://www.parfumo.com/Perfumes/Jean_Paul_Gaultier/le-male-le-parfum,Le Mâle Le Parfum  ,Jean Paul Gaultier,2020,2020,"['Cardamom', 'Iris', 'Lavender', 'Vanilla', 'Oriental woods']","['Daily', 'Leisure', 'Night Out', 'Business', 'Evening']","[13, 18, 30, 9, 30]",8.4,8.1,7.7,8.3,8.2,"['Winter', 'Fall', 'Summer', 'Spring']","[37, 37, 6, 20]","['Masculine', 'Classic', 'Modern']","[51, 16, 33]","['Spicy', 'Sweet', 'Powdery', 'Oriental', 'Woody', 'Gourmand', 'Creamy']","[21, 26, 13, 13, 11, 7, 8]"
699,https://www.parfumo.com/Perfumes/Kilian/angels-share,Angels' Share  ,Kilian,2020,2020,"['Cognac', 'Cinnamon', 'Tonka bean absolute', 'Oak wood absolute', 'Praliné', 'Vanilla', 'Sandalwood']","['Daily', 'Leisure', 'Night Out', 'Business', 'Evening']","[6, 16, 36, 5, 37]",8.7,8.4,8.2,9.1,7.0,"['Winter', 'Fall', 'Spring']","[49, 42, 9]","['Masculine', 'Feminine', 'Classic', 'Modern']","[35, 30, 17, 18]","['Spicy', 'Sweet', 'Oriental', 'Woody', 'Gourmand', 'Creamy']","[20, 27, 9, 12, 26, 6]"
700,https://www.parfumo.com/Perfumes/Xerjoff/torino21,Torino21  ,XerJoff,2021,2020,"['Mint', 'Lemon', 'Basil', 'Thyme', 'Blackcurrant', 'Jasmine', 'Lavender', 'Rosemary', 'Musk', 'Vervain']","['Daily', 'Sport', 'Leisure', 'Night Out', 'Business', 'Evening']","[26, 16, 26, 9, 17, 7]",8.6,7.7,7.5,9.1,7.0,"['Fall', 'Summer', 'Spring']","[7, 52, 41]","['Masculine', 'Feminine', 'Classic', 'Modern']","[40, 17, 13, 29]","['Citrus', 'Spicy', 'Green', 'Fruity', 'Fresh', 'Floral', 'Aquatic']","[27, 7, 20, 5, 28, 5, 9]"
701,https://www.parfumo.com/Perfumes/Dior/sauvage-elixir,Sauvage Elixir  ,Dior,2021,2020,"['Nutmeg', 'Cardamom', 'Cinnamon', 'Grapefruit', 'Provençal lavender', 'Liquorice', 'Amber notes', 'Woods', 'Haitian vetiver', 'Patchouli']","['Daily', 'Leisure', 'Night Out', 'Business', 'Evening']","[13, 17, 28, 13, 29]",8.1,9.1,8.8,8.1,7.1,"['Winter', 'Fall', 'Summer', 'Spring']","[33, 35, 9, 22]","['Masculine', 'Classic', 'Modern']","[52, 27, 21]","['Spicy', 'Synthetic', 'Sweet', 'Oriental', 'Woody', 'Fresh', 'Fougère']","[28, 10, 16, 6, 22, 13, 6]"
702,https://www.parfumo.com/Perfumes/Parfums_de_Marly/althair,Althaïr  ,Parfums de Marly,2023,2020,"['Cinnamon', 'Orange blossom', 'Bergamot', 'Bourbon vanilla', 'Elemi resin', 'Praliné', 'Ambrox', 'Gaiac wood', 'Musk']","['Daily', 'Leisure', 'Night Out', 'Business', 'Evening']","[13, 18, 30, 8, 32]",8.3,8.4,8.1,8.0,6.9,"['Winter', 'Fall', 'Spring']","[44, 43, 13]","['Masculine', 'Feminine', 'Classic', 'Modern']","[40, 18, 15, 27]","['Spicy', 'Sweet', 'Powdery', 'Oriental', 'Woody', 'Gourmand', 'Creamy']","[14, 26, 5, 5, 8, 23, 18]"
703,https://www.parfumo.com/Perfumes/Xerjoff/tony-iommi-monkey-special,Tony Iommi Monkey Special  ,XerJoff,2021,2020,"['Passion fruit', 'Rum', 'Bulgarian geranium', 'Calabrian bergamot', 'Leather', 'Singapore patchouli', 'Bulgarian rose', 'Cinnamon', 'Caramel', 'Ambergris', 'Australian sandalwood', 'Labdanum', 'Tonka bean', 'Vanilla', 'Musk']","['Daily', 'Leisure', 'Night Out', 'Business', 'Evening']","[5, 17, 36, 4, 37]",8.5,9.0,8.7,9.2,7.0,"['Winter', 'Fall', 'Summer', 'Spring']","[38, 39, 6, 17]","['Masculine', 'Feminine', 'Classic', 'Modern']","[48, 9, 23, 19]","['Spicy', 'Sweet', 'Smoky', 'Oriental', 'Leathery', 'Woody', 'Gourmand', 'Fruity']","[19, 19, 8, 7, 18, 11, 7, 12]"
704,https://www.parfumo.com/Perfumes/Lattafa/khamrah,Khamrah  ,Lattafa / لطافة,2022,2020,"['Cinnamon', 'Nutmeg', 'Bergamot', 'Date', 'Praliné', 'Mahonial®', 'Tuberose', 'Roasted tonka bean', 'Vanilla', 'Amberwood', 'Benzoin Siam', 'Akigalawood®', 'Myrrh']","['Daily', 'Leisure', 'Night Out', 'Business', 'Evening']","[9, 18, 33, 5, 35]",8.1,8.5,8.2,8.2,9.3,"['Winter', 'Fall', 'Spring']","[49, 42, 9]","['Masculine', 'Feminine', 'Classic', 'Modern']","[35, 28, 15, 22]","['Spicy', 'Sweet', 'Oriental', 'Woody', 'Gourmand', 'Creamy']","[16, 26, 17, 6, 24, 10]"
705,https://www.parfumo.com/Perfumes/Zara/sunrise-on-the-red-sand-dunes-eau-de-parfum,Sunrise on the Red Sand Dunes ,Zara,2023,2020,"['Bergamot', 'Mandarin orange', 'Amber', 'Blackcurrant', 'Ginger', 'Orange blossom', 'Tonka bean']","['Daily', 'Sport', 'Leisure', 'Night Out', 'Business', 'Evening']","[26, 17, 25, 8, 18, 7]",8.1,6.5,6.5,6.6,9.2,"['Fall', 'Summer', 'Spring']","[12, 47, 41]","['Masculine', 'Feminine', 'Classic', 'Modern']","[40, 17, 11, 32]","['Citrus', 'Synthetic', 'Sweet', 'Fruity', 'Fresh', 'Aquatic']","[27, 9, 11, 19, 27, 6]"
706,https://www.parfumo.com/Perfumes/Jean_Paul_Gaultier/le-male-elixir,Le Mâle Elixir  ,Jean Paul Gaultier,2023,2020,"['Tonka bean', 'Benzoin', 'Lavender', 'Artemisia', 'Bergamot', 'Cinnamon', 'Labdanum', 'Patchouli', 'Spearmint']","['Daily', 'Leisure', 'Night Out', 'Business', 'Evening']","[9, 20, 33, 5, 33]",8.3,8.6,8.3,8.6,8.1,"['Winter', 'Fall', 'Spring']","[43, 40, 16]","['Masculine', 'Feminine', 'Classic', 'Modern']","[46, 8, 10, 35]","['Spicy', 'Synthetic', 'Sweet', 'Powdery', 'Oriental', 'Gourmand', 'Creamy']","[14, 6, 28, 8, 6, 22, 16]"
707,https://www.parfumo.com/Perfumes/marc-gebauer/orange-flamingo,Orange Flamingo  ,Marc Gebauer,2021,2020,"['Orange blossom', 'Orange', 'Bergamot', 'Lily of the valley', 'Jasmine', 'Rose', 'Cedarwood', 'Clove', 'Musk', 'Woody notes']","['Daily', 'Sport', 'Leisure', 'Night Out', 'Business', 'Evening']","[25, 11, 25, 11, 18, 9]",8.0,9.0,8.5,6.9,7.1,"['Winter', 'Fall', 'Summer', 'Spring']","[7, 15, 40, 38]","['Masculine', 'Feminine', 'Classic', 'Modern']","[35, 27, 14, 24]","['Citrus', 'Sweet', 'Fruity', 'Fresh', 'Creamy', 'Floral']","[16, 10, 19, 25, 6, 23]"
708,https://www.parfumo.com/Perfumes/Yves_Saint_Laurent/la-nuit-de-l-homme-bleu-electrique,La Nuit de L'Homme Bleu Électrique  ,Yves Saint Laurent,2021,2020,"['Cardamom', 'Ginger', 'Bergamot', 'French lavender', 'Geranium', 'Cedarwood', 'Vetiver']","['Daily', 'Leisure', 'Night Out', 'Business', 'Evening']","[18, 20, 24, 14, 25]",8.5,7.2,7.0,7.8,7.7,"['Winter', 'Fall', 'Summer', 'Spring']","[23, 31, 17, 29]","['Masculine', 'Feminine', 'Classic', 'Modern']","[47, 4, 16, 32]","['Spicy', 'Synthetic', 'Sweet', 'Oriental', 'Woody', 'Fresh', 'Floral']","[26, 7, 24, 5, 11, 21, 6]"
709,https://www.parfumo.com/Perfumes/Essential_Parfums/bois-imperial-eau-de-parfum-1,Bois Impérial ,Essential Parfums,2020,2020,"['Akigalawood®', 'Ambrofix', 'Georgywood®', 'Thai basil', 'Nepalese sichuan pepper', 'Grapefruit', 'Haitian vetiver', 'Petalia®', 'Indonesian patchouli']","['Daily', 'Sport', 'Leisure', 'Night Out', 'Business', 'Evening']","[25, 9, 23, 11, 21, 11]",8.1,8.6,8.2,7.3,8.8,"['Winter', 'Fall', 'Summer', 'Spring']","[15, 27, 27, 31]","['Masculine', 'Feminine', 'Classic', 'Modern']","[43, 12, 18, 27]","['Citrus', 'Spicy', 'Synthetic', 'Woody', 'Green', 'Fresh']","[7, 15, 20, 24, 10, 24]"
710,https://www.parfumo.com/Perfumes/Initio/musk-therapy-extrait-de-parfum,Musk Therapy ,Initio,2021,2020,"['White musk', 'Mandarin orange', 'Blackcurrant', 'Pink musk', 'Bergamot', 'Indian sandalwood', 'Magnolia']","['Daily', 'Sport', 'Leisure', 'Night Out', 'Business', 'Evening']","[25, 6, 25, 12, 20, 12]",8.2,8.0,7.3,8.5,6.5,"['Winter', 'Fall', 'Summer', 'Spring']","[14, 23, 29, 33]","['Masculine', 'Feminine', 'Classic', 'Modern']","[22, 41, 14, 23]","['Citrus', 'Sweet', 'Powdery', 'Fruity', 'Fresh', 'Creamy', 'Floral']","[8, 16, 9, 15, 17, 23, 12]"
711,https://www.parfumo.com/Perfumes/Missoni/missoni-wave,Missoni Wave  ,Missoni,2020,2020,"['Italian mandarin orange', 'Marine notes', 'Clary sage', 'Egyptian  pelargonium', 'Lavender', 'Rosemary', 'Vanilla orchid', 'Haitian vetiver', 'Oakmoss', 'Patchouli']","['Daily', 'Sport', 'Leisure', 'Night Out', 'Business', 'Evening']","[25, 20, 25, 6, 19, 5]",8.0,7.3,7.0,8.0,9.0,"['Fall', 'Summer', 'Spring']","[13, 47, 40]","['Masculine', 'Feminine', 'Classic', 'Modern']","[47, 5, 13, 35]","['Citrus', 'Synthetic', 'Sweet', 'Fresh', 'Creamy', 'Aquatic']","[21, 6, 9, 27, 12, 25]"
712,https://www.parfumo.com/Perfumes/Louis_Vuitton/pacific-chill,Pacific Chill  ,Louis Vuitton,2023,2020,"['Apricot', 'Orange', 'Peppermint', 'Ambrette seed', 'Basil', 'Blackcurrant', 'Citron', 'Date', 'Fig', 'Lemon', 'Carrot seed', 'Coriander seed', 'May rose']","['Daily', 'Sport', 'Leisure', 'Night Out', 'Business', 'Evening']","[25, 14, 26, 11, 15, 8]",8.3,6.8,6.8,9.0,5.7,"['Fall', 'Summer', 'Spring']","[6, 55, 39]","['Masculine', 'Feminine', 'Classic', 'Modern']","[35, 27, 8, 31]","['Citrus', 'Sweet', 'Green', 'Fruity', 'Fresh', 'Aquatic']","[20, 16, 11, 24, 23, 7]"
713,https://www.parfumo.com/Perfumes/Giorgio_Armani/acqua-di-gio-profondo-2020-eau-de-parfum,Acqua di Giò Profondo ,Giorgio Armani,2020,2020,"['Aquozone', 'Bergamot', 'Brazilian green mandarin orange', 'Mastic absolute', 'Cypress', 'Lavender', 'Rosemary', 'Mineral amber', 'Musk', 'Guatemala patchouly']","['Daily', 'Sport', 'Leisure', 'Night Out', 'Business', 'Evening']","[24, 16, 24, 8, 20, 7]",7.6,6.8,6.6,7.6,7.0,"['Winter', 'Fall', 'Summer', 'Spring']","[6, 14, 42, 38]","['Masculine', 'Classic', 'Modern']","[48, 20, 32]","['Citrus', 'Spicy', 'Synthetic', 'Woody', 'Green', 'Fresh', 'Aquatic']","[17, 8, 10, 6, 5, 26, 27]"
714,https://www.parfumo.com/Perfumes/Dior/dior-homme-2020-eau-de-toilette,Dior Homme ,Dior,2020,2020,"['Bergamot', 'Elemi resin', 'Pink pepper', 'Atlas cedar', 'Patchouli', 'Haitian vetiver', 'Musk']","['Daily', 'Sport', 'Leisure', 'Night Out', 'Business', 'Evening']","[24, 7, 22, 12, 22, 13]",7.7,7.2,6.8,8.2,7.3,"['Winter', 'Fall', 'Summer', 'Spring']","[17, 29, 23, 31]","['Masculine', 'Classic', 'Modern']","[49, 25, 27]","['Citrus', 'Spicy', 'Synthetic', 'Woody', 'Resinous', 'Fresh']","[15, 19, 8, 29, 5, 24]"
715,https://www.parfumo.com/Perfumes/Givenchy/gentleman-givenchy-reserve-privee,Gentleman Givenchy Réserve Privée  ,Givenchy,2022,2020,"['Scotch whisky absolute', 'Italian bergamot', 'Chestnut', 'Italian iris concrete', 'Benzoin Siam', 'Indonesian patchouli', 'Virginia cedar', 'Haitian vetiver']","['Daily', 'Leisure', 'Night Out', 'Business', 'Evening']","[10, 16, 30, 11, 33]",8.3,7.9,7.5,8.0,7.9,"['Winter', 'Fall', 'Spring']","[42, 43, 15]","['Masculine', 'Classic', 'Modern']","[51, 30, 19]","['Spicy', 'Sweet', 'Powdery', 'Woody', 'Gourmand', 'Creamy']","[20, 22, 19, 17, 10, 12]"
716,https://www.parfumo.com/Perfumes/Parfums_de_Marly/greenley,Greenley  ,Parfums de Marly,2020,2020,"['Green apple', 'Cashmere wood', 'Mandarin orange', 'Sicilian bergamot', 'Pomarose®', 'Cedarwood', 'Petitgrain', 'Violet', 'Amberwood', 'Musk', 'Oakmoss']",[],[],7.8,7.4,7.1,8.5,6.3,[],[],[],[],[],[]
717,https://www.parfumo.com/Perfumes/Clive_Christian/xxi-art-deco-blonde-amber,XXI: Art Deco - Blonde Amber  ,Clive Christian,2022,2020,"['Amber', 'Dried fruits', 'Tonka bean', 'Blond tobacco', 'Bitter orange', 'Jasmine', 'Tuberose']","['Daily', 'Leisure', 'Night Out', 'Business', 'Evening']","[7, 13, 37, 6, 36]",9.0,8.4,8.1,8.9,5.2,"['Winter', 'Fall', 'Summer', 'Spring']","[36, 38, 7, 20]","['Masculine', 'Feminine', 'Classic', 'Modern']","[39, 20, 20, 21]","['Spicy', 'Sweet', 'Oriental', 'Woody', 'Resinous', 'Gourmand', 'Fruity', 'Creamy', 'Floral']","[18, 23, 11, 6, 6, 7, 7, 15, 7]"
718,https://www.parfumo.com/Perfumes/Giorgio_Armani/emporio-armani-stronger-with-you-absolutely,Emporio Armani - Stronger With You Absolutely  ,Giorgio Armani,2021,2020,"['Rum', 'Elemi resin', 'Bergamot', 'Davana', 'Lavender', 'Marron glacé', 'Bourbon vanilla', 'Cedarwood', 'Patchouli']","['Daily', 'Leisure', 'Night Out', 'Business', 'Evening']","[9, 16, 33, 6, 36]",8.3,8.4,8.2,7.7,8.0,"['Winter', 'Fall', 'Spring']","[47, 43, 10]","['Masculine', 'Feminine', 'Classic', 'Modern']","[48, 6, 17, 29]","['Spicy', 'Sweet', 'Oriental', 'Woody', 'Resinous', 'Gourmand']","[19, 28, 11, 13, 6, 23]"
719,https://www.parfumo.com/Perfumes/Versace/eros-eau-de-parfum,Eros ,Versace,2020,2020,"['Italian lemon', 'Spearmint', 'Candied apple', 'Italian mandarin orange', 'Ambermax®', 'Clary sage', 'Geranium', 'Patchouli Orpur®', 'Sandalwood', 'Vanilla', 'Virginia cedar', 'Vetiver Orpur®', 'Leather']","['Daily', 'Sport', 'Leisure', 'Night Out', 'Business', 'Evening']","[16, 7, 21, 24, 9, 22]",7.8,7.7,7.6,8.1,7.8,"['Winter', 'Fall', 'Summer', 'Spring']","[19, 26, 25, 30]","['Masculine', 'Classic', 'Modern']","[48, 8, 44]","['Citrus', 'Spicy', 'Synthetic', 'Sweet', 'Fruity', 'Fresh']","[18, 6, 12, 24, 16, 24]"
720,https://www.parfumo.com/Perfumes/Parfums_de_Marly/haltane,Haltane  ,Parfums de Marly,2021,2020,"['Clary sage', 'Lavender', 'Bergamot', 'Saffron', 'Praliné', 'Cedarwood', 'Elder wood', 'Musk', 'Oud', 'Leather', 'Patchouli', 'Vetiver']","['Daily', 'Leisure', 'Night Out', 'Business', 'Evening']","[12, 17, 29, 11, 31]",8.3,8.3,8.0,8.5,6.7,"['Winter', 'Fall', 'Summer', 'Spring']","[36, 38, 5, 20]","['Masculine', 'Feminine', 'Classic', 'Modern']","[51, 4, 30, 15]","['Spicy', 'Sweet', 'Oriental', 'Leathery', 'Woody', 'Resinous', 'Green']","[23, 16, 17, 10, 23, 6, 5]"
721,https://www.parfumo.com/Perfumes/marc-gebauer/air-tiger,Air Tiger  ,Marc Gebauer,2021,2020,"['Juniper', 'Cardamom', 'Sicilian lemon', 'Leather', 'Patchouli', 'Cedar', 'Iris', 'Labdanum', 'Woods', 'Amber', 'Benzoin']","['Daily', 'Leisure', 'Night Out', 'Business', 'Evening']","[8, 19, 30, 8, 35]",7.0,9.7,9.6,6.8,7.4,"['Winter', 'Fall', 'Summer', 'Spring']","[37, 37, 7, 19]","['Masculine', 'Classic', 'Modern']","[55, 32, 13]","['Spicy', 'Smoky', 'Oriental', 'Leathery', 'Woody', 'Resinous', 'Earthy', 'Animal']","[20, 13, 9, 18, 18, 9, 8, 6]"
722,https://www.parfumo.com/Perfumes/Jean_Paul_Gaultier/le-beau-le-parfum,Le Beau Le Parfum  ,Jean Paul Gaultier,2022,2020,"['Coconut', 'Pineapple', 'Ambergris', 'Sandalwood', 'Tonka bean', 'Cypress', 'Ginger', 'Iris', 'Patchouli']",[],[],8.0,8.1,7.8,8.8,7.9,[],[],[],[],[],[]
723,https://www.parfumo.com/Perfumes/Maison_Crivelli/oud-maracuja,Oud Maracujá  ,Maison Crivelli,2023,2020,"['Passion fruit', 'Leather', 'Oud', 'Akigalawood®', 'Saffron', 'Siam benzoin Orpur®', 'Spanish cistus absolute Orpur®', 'Turkish rose absolute Orpur®', 'Indonesian patchouli Orpur®', 'Vanilla']","['Daily', 'Leisure', 'Night Out', 'Business', 'Evening']","[6, 19, 35, 4, 35]",8.3,9.2,8.9,7.6,7.0,"['Winter', 'Fall', 'Summer', 'Spring']","[34, 35, 9, 21]","['Masculine', 'Feminine', 'Classic', 'Modern']","[46, 12, 19, 23]","['Spicy', 'Sweet', 'Smoky', 'Oriental', 'Leathery', 'Woody', 'Fruity', 'Animal']","[12, 8, 7, 13, 18, 15, 21, 6]"
724,https://www.parfumo.com/Perfumes/Amouage/reflection-45,Reflection 45  ,Amouage,2021,2020,"['Benzoin', 'Cardamom', 'Clary sage', 'Pink pepper', 'Lavender', 'Juniper berry', 'Iris', 'Jasmine', 'Neroli', 'Angelica', 'Tonka bean', 'Vanilla', 'Sandalwood', 'Cedarwood', 'Frankincense', 'Myrrh', 'Opoponax', 'Patchouli', 'Vetiver']","['Daily', 'Leisure', 'Night Out', 'Business', 'Evening']","[19, 19, 22, 18, 22]",8.8,8.8,7.8,9.3,6.0,"['Winter', 'Fall', 'Summer', 'Spring']","[24, 30, 18, 29]","['Masculine', 'Feminine', 'Classic', 'Modern']","[46, 6, 27, 21]","['Spicy', 'Sweet', 'Powdery', 'Oriental', 'Woody', 'Resinous', 'Fresh', 'Creamy', 'Floral']","[15, 7, 16, 6, 14, 5, 11, 7, 19]"
725,https://www.parfumo.com/Perfumes/bdk_Parfums/gris-charnel-extrait,Gris Charnel ,bdk Parfums,2022,2020,"['Cardamom', 'Fig', 'Black tea', 'Iris tingitana absolute', 'Bourbon vetiver', 'Cistus', 'Bourbon vanilla absolute', 'Indonesian patchouli', 'American cedar', 'Brazilian tonka bean absolute', 'Sandalwood']","['Daily', 'Leisure', 'Night Out', 'Business', 'Evening']","[13, 19, 28, 12, 28]",8.5,8.5,8.0,8.2,7.2,"['Winter', 'Fall', 'Summer', 'Spring']","[35, 38, 5, 21]","['Masculine', 'Feminine', 'Classic', 'Modern']","[37, 26, 18, 19]","['Spicy', 'Sweet', 'Smoky', 'Powdery', 'Woody', 'Fruity', 'Creamy']","[23, 19, 10, 6, 20, 6, 17]"
726,https://www.parfumo.com/Perfumes/Yves_Saint_Laurent/libre-eau-de-parfum-intense,Libre ,Yves Saint Laurent,2020,2020,"['Bergamot', 'French lavender', 'Mandarin orange', 'Lavender', 'Moroccan orange blossom absolute', 'Jasmine sambac absolute', 'Orchid', 'Venezuelan tonka bean absolute', 'Bourbon vanilla', 'Ambergris', 'Vetiver']",[],[],8.2,8.4,8.1,8.7,8.0,[],[],[],[],[],[]
727,https://www.parfumo.com/Perfumes/Lattafa/liam,Liam  ,Lattafa / لطافة,2023,2020,"['Cardamom', 'Black tea', 'Fig', 'Labdanum', 'Iris', 'Vetiver', 'Vanilla', 'Sandalwood', 'Tonka bean', 'Patchouli']","['Daily', 'Leisure', 'Night Out', 'Business', 'Evening']","[21, 22, 18, 18, 21]",8.3,7.8,7.4,7.2,9.3,"['Winter', 'Fall', 'Summer', 'Spring']","[25, 33, 13, 29]","['Masculine', 'Feminine', 'Classic', 'Modern']","[36, 23, 15, 25]","['Spicy', 'Sweet', 'Powdery', 'Oriental', 'Woody', 'Fruity', 'Fresh', 'Creamy']","[19, 22, 11, 6, 9, 6, 5, 22]"
728,https://www.parfumo.com/Perfumes/Yves_Saint_Laurent/le-vestiaire-babycat,Le Vestiaire - Babycat  ,Yves Saint Laurent,2022,2020,"['Elemi resin', 'Black pepper', 'Pink pepper', 'Frankincense', 'Frankincense resin', 'Saffron', 'Vanilla', 'Suede', 'Cedarwood']","['Daily', 'Leisure', 'Night Out', 'Business', 'Evening']","[8, 17, 33, 7, 35]",8.3,8.5,8.1,8.3,6.9,"['Winter', 'Fall', 'Spring']","[43, 43, 13]","['Masculine', 'Feminine', 'Classic', 'Modern']","[31, 34, 19, 16]","['Spicy', 'Sweet', 'Smoky', 'Oriental', 'Leathery', 'Woody', 'Resinous', 'Gourmand', 'Creamy']","[16, 19, 18, 7, 11, 7, 13, 6, 5]"
729,https://www.parfumo.com/Perfumes/Hermes/h24-eau-de-toilette,H24 ,Hermès,2021,2020,"['Clary sage', 'Sclarene', 'Narcissus absolute', 'Rosewood']","['Daily', 'Sport', 'Leisure', 'Night Out', 'Business', 'Evening']","[26, 13, 25, 6, 23, 7]",7.4,7.1,6.7,7.3,6.9,"['Winter', 'Fall', 'Summer', 'Spring']","[6, 20, 36, 38]","['Masculine', 'Feminine', 'Classic', 'Modern']","[45, 11, 19, 24]","['Citrus', 'Spicy', 'Synthetic', 'Woody', 'Green', 'Fruity', 'Fresh', 'Floral']","[11, 7, 9, 11, 21, 6, 23, 10]"
730,https://www.parfumo.com/Perfumes/Xerjoff/torino22,Torino22  ,XerJoff,2022,2020,"['Saffron', 'Eucalyptus', 'Bergamot', 'Clary sage', 'Maté', 'Gaiac wood', 'Musk', 'Dry woods']","['Daily', 'Sport', 'Leisure', 'Night Out', 'Business', 'Evening']","[20, 4, 21, 20, 15, 19]",8.2,8.3,7.9,9.1,7.1,"['Winter', 'Fall', 'Summer', 'Spring']","[20, 28, 22, 30]","['Masculine', 'Feminine', 'Classic', 'Modern']","[42, 21, 13, 24]","['Citrus', 'Spicy', 'Sweet', 'Woody', 'Green', 'Fresh', 'Creamy']","[5, 22, 23, 17, 6, 18, 9]"
731,https://www.parfumo.com/Perfumes/Parfums_de_Marly/perseus,Perseus  ,Parfums de Marly,2024,2020,"['Grapefruit', 'Bergamot', 'Blackcurrant bud', 'Vetiver', 'Geranium', 'Green mandarin orange', 'Cashmere wood', 'Dry woods', 'Ambergris']","['Daily', 'Sport', 'Leisure', 'Night Out', 'Business', 'Evening']","[24, 14, 25, 10, 19, 8]",7.6,7.8,7.4,8.2,6.1,"['Fall', 'Summer', 'Spring']","[15, 45, 40]","['Masculine', 'Feminine', 'Classic', 'Modern']","[44, 11, 17, 28]","['Citrus', 'Spicy', 'Woody', 'Green', 'Fruity', 'Fresh']","[27, 6, 16, 12, 14, 25]"
732,https://www.parfumo.com/Perfumes/Givenchy/l-interdit-eau-de-parfum-rouge,L'Interdit ,Givenchy,2021,2020,"['Sicilian blood orange', 'Ginger', 'Pimento leaf', 'Tuberose', 'Indian jasmine sambac absolute', 'Tunisian orange blossom absolute', 'New Caledonian sandalwood', 'Indonesian patchouli']","['Daily', 'Leisure', 'Night Out', 'Business', 'Evening']","[11, 16, 32, 8, 33]",8.4,8.5,8.2,8.3,8.1,"['Winter', 'Fall', 'Summer', 'Spring']","[38, 39, 8, 16]","['Masculine', 'Feminine', 'Classic', 'Modern']","[5, 52, 23, 20]","['Spicy', 'Sweet', 'Powdery', 'Oriental', 'Woody', 'Fruity', 'Creamy', 'Floral']","[19, 22, 6, 12, 6, 9, 8, 19]"
733,https://www.parfumo.com/Perfumes/Hermes/terre-d-hermes-eau-givree,Terre d'Hermès Eau Givrée  ,Hermès,2022,2020,"['Citron', 'Juniper berry', 'Nepalese sichuan pepper']","['Daily', 'Sport', 'Leisure', 'Night Out', 'Business', 'Evening']","[26, 15, 25, 7, 21, 7]",8.3,7.0,6.8,7.8,7.4,"['Winter', 'Fall', 'Summer', 'Spring']","[4, 16, 43, 37]","['Masculine', 'Feminine', 'Classic', 'Modern']","[44, 8, 23, 25]","['Citrus', 'Spicy', 'Woody', 'Green', 'Fruity', 'Fresh', 'Earthy']","[26, 13, 15, 11, 5, 25, 6]"
734,https://www.parfumo.com/Perfumes/Roja_Parfums/isola-blu-parfum-oligarch-parfum,Isola Blu ,Roja Parfums,2022,2020,"['Lime', 'Bergamot', 'Lavender', 'Thyme', 'Lemon', 'Blackcurrant', 'Champaca flower', 'Orange blossom', 'Apple', 'Grasse jasmine', 'Coconut', 'Lily', 'Juniper berry', 'Cedarwood', 'Grass', 'Oakmoss', 'Patchouli', 'Amber', 'Ambergris', 'Aniseed', 'Birch', 'Galbanum', 'Iris', 'Leather', 'Maté', 'Musk', 'Pink pepper', 'Vanilla', 'Tonka bean']","['Daily', 'Sport', 'Leisure', 'Night Out', 'Business', 'Evening']","[21, 8, 21, 17, 20, 13]",8.7,8.0,7.7,9.3,5.6,"['Winter', 'Fall', 'Summer', 'Spring']","[7, 19, 38, 36]","['Masculine', 'Feminine', 'Classic', 'Modern']","[46, 9, 25, 19]","['Citrus', 'Spicy', 'Woody', 'Green', 'Fruity', 'Fresh', 'Floral']","[23, 15, 13, 13, 7, 23, 6]"
735,https://www.parfumo.com/Perfumes/Yves_Saint_Laurent/myslf,Myslf  ,Yves Saint Laurent,2023,2020,"['Calabrian bergamot', 'Bergamot leaf', 'Tunisian orange blossom absolute', 'Ambrofix', 'Woods', 'Indonesian patchouli']","['Daily', 'Sport', 'Leisure', 'Night Out', 'Business', 'Evening']","[24, 11, 24, 11, 18, 12]",7.1,7.0,6.8,7.5,6.6,"['Winter', 'Fall', 'Summer', 'Spring']","[13, 25, 29, 33]","['Masculine', 'Feminine', 'Classic', 'Modern']","[44, 9, 11, 37]","['Citrus', 'Spicy', 'Synthetic', 'Sweet', 'Woody', 'Fruity', 'Fresh', 'Floral']","[9, 5, 18, 13, 14, 5, 22, 14]"
736,https://www.parfumo.com/Perfumes/Initio/paragon,Paragon  ,Initio,2022,2020,"['White sage', 'Lavender', 'Bergamot', 'Plum', 'Palo Santo', 'Black pepper', 'Sandalwood', 'Oud']","['Daily', 'Leisure', 'Night Out', 'Business', 'Evening']","[21, 23, 20, 15, 21]",8.2,8.1,7.6,8.6,6.8,"['Winter', 'Fall', 'Summer', 'Spring']","[25, 33, 14, 28]","['Masculine', 'Feminine', 'Classic', 'Modern']","[34, 31, 13, 23]","['Spicy', 'Sweet', 'Woody', 'Fruity', 'Fresh', 'Creamy']","[16, 19, 17, 20, 8, 20]"
737,https://www.parfumo.com/Perfumes/Prada/luna-rossa-ocean-eau-de-toilette,Luna Rossa Ocean ,Prada,2021,2020,"['Bergamot', 'Pink pepper', 'Mugwort', 'Iris', 'Sage', 'Lavender', 'Saffron', 'Suede', 'Musk', 'Haitian vetiver', 'Patchouli']","['Daily', 'Sport', 'Leisure', 'Night Out', 'Business', 'Evening']","[23, 18, 24, 9, 19, 8]",7.0,6.5,6.3,7.4,6.5,"['Winter', 'Fall', 'Summer', 'Spring']","[7, 22, 37, 35]","['Masculine', 'Classic', 'Modern']","[51, 13, 36]","['Citrus', 'Spicy', 'Synthetic', 'Sweet', 'Powdery', 'Fresh', 'Aquatic']","[13, 11, 14, 9, 5, 26, 22]"
738,https://www.parfumo.com/Perfumes/Tom_Ford/bitter-peach-eau-de-parfum,Bitter Peach ,Tom Ford,2020,2020,"['Wild peach', 'Sicilian blood orange', 'Cardamom', 'Cognac', 'Davana', 'Heliotrope', 'Jasmine sambac absolute', 'Rum absolute', 'New Caledonian sandalwood', 'Vanilla', 'Benzoin', 'Cashmeran', 'Indonesian patchouli', 'Labdanum absolute', 'Styrax', 'Tonka bean absolute']","['Daily', 'Leisure', 'Night Out', 'Business', 'Evening']","[21, 27, 22, 11, 19]",7.4,7.4,7.2,8.2,5.2,"['Winter', 'Fall', 'Summer', 'Spring']","[11, 22, 32, 34]","['Masculine', 'Feminine', 'Classic', 'Modern']","[26, 38, 11, 26]","['Spicy', 'Synthetic', 'Sweet', 'Gourmand', 'Fruity', 'Fresh', 'Creamy', 'Floral']","[8, 7, 25, 11, 27, 7, 9, 6]"
